mass1_source,mass2_source,ra,dec,redshift,snid,mej,costheta,mass1,mass2,chirp_mass,first_detection,distance
1.8963,1.0080,234.3222,0.8209,0.0585,40399515,0.0500,0.8000,2.0072,1.0670,1.2615,1427750905.5,270.6396
2.0174,1.0877,70.5126,-39.2881,0.0578,1335095,0.0500,0.8000,2.1339,1.1505,1.3513,1448406918,267.1506
1.9538,1.3040,308.6740,-42.9135,0.0782,64081858,0.0200,1.0000,2.1066,1.4059,1.4921,1410388218,366.5881
1.7994,1.0013,357.3434,-54.5784,0.0834,39342404,0.0400,0.5000,1.9494,1.0847,1.2553,1472220580.5,392.2394
2.0178,1.1556,48.7716,3.4259,0.0795,38299516,0.0400,0.8000,2.1781,1.2475,1.4240,1389189168,372.8991
1.8963,1.0080,32.8193,-45.8647,0.1179,64333231,0.0500,0.0000,2.1198,1.1268,1.3323,1419501730.5,567.4867
2.0174,1.0877,125.2873,4.0850,0.0910,29190700,0.0500,0.1000,2.2009,1.1867,1.3937,1419589480.5,430.4195
1.9538,1.3040,13.3089,-37.8766,0.0584,55552790,0.0200,0.8000,2.0679,1.3801,1.4647,1414497280.5,269.9092
1.7994,1.0013,152.2658,-4.4354,0.1794,29974541,0.0400,0.8000,2.1223,1.1809,1.3665,1425249018,897.2459
2.0408,1.3849,219.1231,-48.4607,0.0777,9053241,0.0200,0.5000,2.1995,1.4925,1.5714,1457355730.5,364.2858
1.7954,1.1934,44.5218,-13.9863,0.0859,334619,0.0200,0.0000,1.9495,1.2959,1.3780,1387479055.5,404.6585
1.6936,1.0008,113.8158,-46.1766,0.0293,2653700,0.0300,0.6000,1.7433,1.0302,1.1587,1451371518,132.8826
1.7994,1.0013,19.7447,-54.7160,0.1092,21364654,0.0400,0.3000,1.9958,1.1106,1.2851,1408676080.5,522.5414
2.0178,1.1556,200.0299,0.0423,0.1519,58144534,0.0400,0.3000,2.3242,1.3312,1.5196,1457740143,746.9690
1.9840,1.1339,350.6108,-25.4843,0.0667,75697331,0.0400,0.4000,2.1163,1.2096,1.3821,1417101430.5,310.2597
1.6046,1.2177,161.8133,-49.1131,0.0641,37213238,0.0100,0.3000,1.7074,1.2957,1.2924,1462011205.5,297.4345
1.8963,1.0080,336.9229,-30.2353,0.0539,12352119,0.0500,0.9000,1.9984,1.0623,1.2560,1471979605.5,248.4662
1.7994,1.0013,95.5311,-27.9952,0.2304,21522167,0.0400,1.0000,2.2140,1.2320,1.4256,1451814993,1186.2221
1.9468,1.0357,309.1443,-3.1366,0.0870,44096224,0.0500,0.9000,2.1162,1.1259,1.3307,1438001455.5,410.5954
1.9623,1.0514,96.8417,-17.6205,0.0982,13935307,0.0500,0.6000,2.1550,1.1546,1.3601,1456203505.5,466.7640
1.6936,1.0008,50.6770,-26.6989,0.2321,72253149,0.0300,0.5000,2.0867,1.2331,1.3869,1450967868,1196.3009
1.7994,1.0013,117.9125,-49.0783,0.1808,70495940,0.0400,0.8000,2.1248,1.1823,1.3682,1455729993,904.9617
2.0408,1.3849,42.8840,-10.0463,0.1618,83721446,0.0200,0.3000,2.3711,1.6090,1.6941,1474910793,800.8085
2.0178,1.1556,130.1888,-21.1847,0.1920,62163145,0.0400,0.5000,2.4052,1.3775,1.5725,1421987755.5,967.3374
1.9782,1.2244,334.8542,-1.7608,0.1532,44244940,0.0300,0.9000,2.2812,1.4119,1.5535,1408364905.5,753.9461
1.6046,1.2177,66.5833,-36.2863,0.1517,36055479,0.0100,0.5000,1.8480,1.4024,1.3988,1454210230.5,745.9383
1.6936,1.0008,171.5672,-13.4806,0.0918,77797965,0.0300,0.8000,1.8491,1.0927,1.2290,1420542918,434.5399
1.9656,1.2120,38.2460,-58.1686,0.1430,84965133,0.0300,1.0000,2.2467,1.3853,1.5270,1387379830.5,699.6119
2.0501,1.2625,214.0573,-20.1150,0.1375,40864065,0.0300,0.6000,2.3320,1.4361,1.5839,1426691493,670.2743
1.9468,1.0357,56.4074,-6.3573,0.1024,61226410,0.0500,0.8000,2.1462,1.1418,1.3495,1409215743,488.2511
1.6046,1.2177,320.7523,-8.8347,0.0512,82666745,0.0100,0.8000,1.6867,1.2800,1.2768,1413692343,235.4172
1.8963,1.0080,205.3362,-37.6621,0.1002,81294195,0.0500,0.9000,2.0863,1.1090,1.3112,1427665855.5,476.9631
1.6131,1.0504,105.8881,-53.7525,0.1504,51010162,0.0200,0.4000,1.8557,1.2084,1.2977,1448437968,739.2923
2.0174,1.0877,139.0891,-4.1331,0.0812,5580892,0.0500,0.5000,2.1813,1.1760,1.3813,1462060480.5,381.7692
1.7994,1.0013,171.1135,-23.2982,0.0523,85508186,0.0400,0.9000,1.8936,1.0537,1.2193,1459064155.5,240.9890
1.7994,1.0013,43.5608,-11.5914,0.1926,86026862,0.0400,0.8000,2.1460,1.1941,1.3818,1412452368,970.6576
2.0408,1.3849,6.3899,-2.2121,0.0348,5428151,0.0200,1.0000,2.1118,1.4330,1.5088,1473219243,158.0656
1.9468,1.0357,2.0646,3.7957,0.1443,48593637,0.0500,0.5000,2.2277,1.1852,1.4008,1404771880.5,706.6163
1.9623,1.0514,359.1728,-42.4421,0.1082,7726941,0.0500,0.6000,2.1747,1.1651,1.3725,1441526305.5,517.8291
1.9782,1.2244,327.8172,-30.1382,0.0858,51957062,0.0300,1.0000,2.1479,1.3294,1.4627,1430964243,404.3575
1.7994,1.0013,341.3322,-8.5193,0.0733,11214664,0.0400,0.7000,1.9313,1.0746,1.2436,1435468518,342.3980
2.0408,1.3849,21.0225,-33.0131,0.0272,23098690,0.0200,0.6000,2.0964,1.4226,1.4978,1451070805.5,123.1743
1.9468,1.0357,115.2776,-5.0070,0.1259,86189374,0.0500,0.2000,2.1918,1.1661,1.3782,1447741368,609.1497
1.9623,1.0514,153.5351,-50.7632,0.1387,5939736,0.0500,0.1000,2.2346,1.1972,1.4103,1421952655.5,676.8222
1.9782,1.2244,49.9348,-29.2860,0.0117,73534247,0.0300,0.2000,2.0014,1.2387,1.3629,1448445730.5,52.4121
1.7994,1.0013,41.2380,-45.4593,0.0305,46239611,0.0400,0.1000,1.8543,1.0318,1.1940,1444921218,138.3930
2.0178,1.1556,343.3337,-3.8157,0.0654,43674856,0.0400,0.5000,2.1497,1.2312,1.4054,1441692355.5,303.7894
1.9266,1.0224,295.5077,-13.1289,0.0335,48207635,0.0500,0.7000,1.9911,1.0566,1.2503,1398503493,152.1954
1.9938,1.0736,320.3058,-56.4188,0.1541,21954526,0.0500,0.2000,2.3010,1.2390,1.4561,1435609593,758.7354
1.9094,1.0195,318.2403,-17.1165,0.1822,54383638,0.0500,0.6000,2.2572,1.2052,1.4220,1463889055.5,912.6110
1.8963,1.0080,48.9998,-10.0534,0.0811,27609285,0.0500,0.9000,2.0500,1.0897,1.2885,1408833693,381.0452
1.7994,1.0013,113.6706,-12.1459,0.0607,10856788,0.0400,1.0000,1.9086,1.0620,1.2290,1395941868,281.1421
2.0408,1.3849,179.1692,-38.6902,0.1996,9127704,0.0200,0.5000,2.4482,1.6613,1.7492,1396802830.5,1010.1518
1.3840,1.0451,46.7050,-43.6219,0.2698,16329050,0.0100,0.3000,1.7575,1.3272,1.3269,1447855105.5,1419.2759
2.0178,1.1556,291.4213,-51.9848,0.1206,37595859,0.0400,0.7000,2.2611,1.2950,1.4783,1464151968,581.6327
1.7954,1.1934,40.4759,-56.8308,0.0467,54068222,0.0200,0.6000,1.8792,1.2491,1.3283,1411751043,213.9922
1.7314,1.1396,42.8889,-24.9128,0.1162,58038598,0.0200,0.9000,1.9326,1.2721,1.3591,1475608068,559.0146
1.7994,1.0013,306.9137,2.1835,0.2046,51726099,0.0400,0.7000,2.1675,1.2061,1.3957,1467923868,1038.1439
2.0408,1.3849,197.6609,-47.9729,0.0918,14892661,0.0200,0.7000,2.2283,1.5121,1.5920,1427494068,434.5798
1.9468,1.0357,38.3385,-24.8720,0.0646,9358208,0.0500,0.7000,2.0724,1.1026,1.3031,1441513818,299.8799
1.7994,1.0013,330.3247,-52.5037,0.0451,87693686,0.0400,0.9000,1.8805,1.0464,1.2109,1410382480.5,206.4309
2.0178,1.1556,17.2626,-1.5282,0.1642,41084926,0.0400,0.6000,2.3492,1.3454,1.5359,1414750743,813.9080
1.9266,1.0224,27.0698,-38.0548,0.1501,46024936,0.0500,0.7000,2.2157,1.1758,1.3913,1447440655.5,737.2135
1.9938,1.0736,134.7468,-15.5812,0.0460,74916204,0.0500,1.0000,2.0854,1.1229,1.3197,1423384330.5,210.6981
1.8356,1.1174,352.0062,-43.5892,0.0651,16163034,0.0300,0.8000,1.9550,1.1901,1.3198,1478119068,302.2891
1.7994,1.0013,334.9516,-24.7361,0.1212,49391404,0.0400,0.8000,2.0175,1.1226,1.2991,1479190293,584.7625
2.0408,1.3849,179.4904,-10.1701,0.0861,15860182,0.0200,0.9000,2.2166,1.5042,1.5837,1393109568,406.0017
1.6618,1.0963,182.4188,-10.6601,0.1427,34760791,0.0200,0.9000,1.8990,1.2528,1.3370,1405215355.5,697.9602
1.7308,1.1626,207.9831,-30.4919,0.1124,30408361,0.0200,0.5000,1.9254,1.2933,1.3683,1398512943,539.1898
2.0178,1.1556,15.9177,-23.0618,0.0802,35044681,0.0400,0.5000,2.1797,1.2484,1.4250,1472210118,376.6946
1.6046,1.2177,52.8411,-8.2523,0.0641,20580473,0.0100,0.9000,1.7075,1.2958,1.2925,1416801055.5,297.6453
1.6936,1.0008,184.6054,-30.0362,0.1205,47034906,0.0300,0.9000,1.8977,1.1214,1.2613,1458191718,581.1402
1.6131,1.0504,356.5793,-37.5762,0.1005,31964297,0.0200,0.5000,1.7751,1.1559,1.2413,1441783480.5,478.1305
2.0174,1.0877,234.2600,-11.0858,0.0575,53002500,0.0500,0.7000,2.1334,1.1502,1.3510,1469669755.5,265.9083
1.9656,1.2120,220.7098,-46.5487,0.1265,39872994,0.0300,0.7000,2.2143,1.3653,1.5049,1457175168,612.4318
1.6936,1.0008,133.1997,-15.5609,0.0813,76643543,0.0300,0.7000,1.8313,1.0822,1.2172,1393097755.5,381.9844
1.7115,1.3259,228.2774,1.0588,0.1530,9054870,0.0100,0.5000,1.9733,1.5288,1.5096,1426954743,753.1137
1.9656,1.2120,21.4528,0.1577,0.1351,26385747,0.0300,0.9000,2.2312,1.3758,1.5164,1475426493,657.7976
1.7994,1.0013,155.7971,-39.0159,0.1381,18599422,0.0400,0.9000,2.0480,1.1396,1.3187,1460771905.5,673.6137
1.9468,1.0357,97.8921,-9.4966,0.0368,3516056,0.0500,0.9000,2.0184,1.0739,1.2692,1394541243,167.7244
1.7994,1.0013,76.1056,-9.0336,0.2100,30687896,0.0400,0.9000,2.1773,1.2116,1.4020,1447056918,1069.0170
1.9468,1.0357,338.6422,-30.1123,0.1262,63646116,0.0500,1.0000,2.1924,1.1665,1.3786,1438392955.5,610.8450
1.9623,1.0514,113.6325,-45.6518,0.1104,58201772,0.0500,0.9000,2.1790,1.1675,1.3753,1453120105.5,529.0663
1.9266,1.0224,136.9513,-31.0189,0.1019,11347644,0.0500,0.8000,2.1230,1.1266,1.3331,1419687018,485.6276
1.9938,1.0736,227.3967,-37.3235,0.0591,21309071,0.0500,0.6000,2.1117,1.1371,1.3363,1469900605.5,273.6628
1.8963,1.0080,160.0860,-35.6239,0.0588,78246881,0.0500,1.0000,2.0078,1.0673,1.2619,1456565305.5,272.2584
1.9656,1.2120,133.4896,-29.7839,0.0731,58617386,0.0300,0.7000,2.1092,1.3005,1.4335,1461201205.5,341.4923
2.0501,1.2625,204.0713,-42.2075,0.0426,10035312,0.0300,0.8000,2.1375,1.3163,1.4517,1392903018,194.8280
1.7994,1.0013,322.0192,-33.3720,0.1964,77396616,0.0400,0.9000,2.1528,1.1979,1.3862,1410827643,991.9962
2.0178,1.1556,227.9066,-34.3259,0.0475,79277093,0.0400,0.5000,2.1136,1.2105,1.3819,1432599430.5,217.9673
1.6936,1.0008,8.2738,-9.7495,0.1088,8495297,0.0300,1.0000,1.8779,1.1097,1.2482,1475115655.5,520.9430
1.7994,1.0013,150.8537,-40.3709,0.1293,60617632,0.0400,1.0000,2.0321,1.1308,1.3085,1428163668,627.2577
2.0178,1.1556,240.7094,0.5748,0.0878,59706635,0.0400,0.6000,2.1950,1.2571,1.4351,1438631568,414.4450
1.9266,1.0224,75.5447,-3.4455,0.0311,29692936,0.0500,0.9000,1.9865,1.0542,1.2474,1391997505.5,140.9421
1.9938,1.0736,290.9204,-32.2237,0.0833,85911616,0.0500,0.5000,2.1598,1.1630,1.3668,1431652068,391.8251
1.6936,1.0008,17.5476,-17.3329,0.1766,65664606,0.0300,0.7000,1.9927,1.1776,1.3245,1474800768,881.9041
1.7994,1.0013,336.4341,-39.0512,0.0849,19202635,0.0400,1.0000,1.9522,1.0863,1.2570,1472591155.5,399.9043
2.0408,1.3849,320.0878,-19.5361,0.0847,80410518,0.0200,1.0000,2.2136,1.5021,1.5815,1411134093,398.7282
2.0178,1.1556,48.1060,-32.3790,0.1673,12102701,0.0400,0.8000,2.3554,1.3490,1.5400,1442134818,830.8598
1.6662,1.0902,58.8479,-56.9824,0.0549,80104123,0.0200,0.0000,1.7577,1.1501,1.2322,1449316143,253.2557
1.8963,1.0080,209.5390,-25.0710,0.0512,48236859,0.0500,0.0000,1.9933,1.0596,1.2528,1403104968,235.3871
1.7115,1.3259,315.2103,-26.8356,0.0769,57285492,0.0100,0.3000,1.8431,1.4279,1.4100,1470224943,360.3716
1.6131,1.0504,236.7758,-18.4121,0.1076,73607734,0.0200,0.9000,1.7866,1.1634,1.2493,1394748130.5,514.3430
1.7994,1.0013,323.8897,-26.2369,0.1147,26190823,0.0400,0.6000,2.0058,1.1161,1.2915,1414477705.5,550.9541
2.0408,1.3849,233.3251,-12.0030,0.1282,67617396,0.0200,0.9000,2.3024,1.5624,1.6450,1399713430.5,621.1159
1.7954,1.1934,311.6630,-50.7693,0.0387,42270854,0.0200,0.6000,1.8649,1.2396,1.3181,1469347780.5,176.4651
1.7994,1.0013,326.2866,-16.0242,0.1623,41668198,0.0400,0.8000,2.0915,1.1638,1.3467,1413541143,803.3742
1.9782,1.2244,260.7672,-52.1752,0.0598,79831853,0.0300,0.3000,2.0965,1.2976,1.4277,1438978180.5,276.9905
1.9840,1.1339,96.6539,-50.0478,0.0493,74143282,0.0400,1.0000,2.0818,1.1899,1.3596,1388514505.5,226.6828
2.0066,1.2309,164.8336,-35.6945,0.1228,40318565,0.0300,0.8000,2.2530,1.3821,1.5271,1400866668,593.2006
1.7994,1.0013,192.5469,-47.1946,0.2002,43284073,0.0400,1.0000,2.1597,1.2018,1.3907,1460887330.5,1013.6987
1.9468,1.0357,203.1124,-19.9096,0.0405,20454267,0.0500,0.3000,2.0256,1.0777,1.2737,1422857830.5,184.9028
1.9623,1.0514,220.9735,-18.5479,0.0326,62954017,0.0500,0.8000,2.0264,1.0857,1.2789,1456373268,148.1522
1.7308,1.1626,322.0414,-7.9343,0.1667,44962048,0.0200,1.0000,2.0194,1.3564,1.4351,1404725643,827.4263
1.9782,1.2244,220.5573,-9.5224,0.1244,45598691,0.0300,0.4000,2.2243,1.3767,1.5147,1424700918,601.4584
1.8963,1.0080,118.4073,2.3658,0.0955,83343005,0.0500,0.1000,2.0773,1.1042,1.3056,1391398443,452.9616
1.7994,1.0013,80.0878,-28.4691,0.1274,25825612,0.0400,1.0000,2.0287,1.1289,1.3063,1386666355.5,617.1335
1.9782,1.2244,293.6684,-3.2611,0.1164,74710163,0.0300,0.6000,2.2084,1.3669,1.5039,1464659230.5,559.7484
1.6662,1.0902,177.6864,-11.3705,0.1214,57678372,0.0200,0.0000,1.8685,1.2226,1.3099,1457475205.5,585.7618
1.9727,1.2176,268.1464,-1.9059,0.2700,72703699,0.0300,0.0000,2.5054,1.5464,1.7037,1467014980.5,1420.3819
1.7954,1.1934,265.8208,-1.0421,0.1429,18750790,0.0200,1.0000,2.0520,1.3640,1.4504,1468125018,699.0149
1.8963,1.0080,168.6958,-31.3773,0.1401,25051333,0.0500,0.9000,2.1620,1.1493,1.3588,1427655055.5,684.3120
1.7115,1.3259,81.7414,-14.7087,0.2036,16265519,0.0100,0.7000,2.0598,1.5958,1.5758,1389236080.5,1032.4167
1.6131,1.0504,124.9294,-27.4708,0.0910,86027490,0.0200,0.9000,1.7599,1.1460,1.2307,1454350630.5,430.4398
1.9656,1.2120,289.9278,-29.8871,0.0973,9190724,0.0300,0.5000,2.1568,1.3299,1.4658,1401139705.5,462.0538
1.8963,1.0080,207.7843,-7.9986,0.0337,88861905,0.0500,0.4000,1.9602,1.0420,1.2320,1462856305.5,153.3304
1.7994,1.0013,346.6354,-50.7353,0.0784,81974956,0.0400,0.9000,1.9406,1.0798,1.2495,1469764593,367.8445
2.0178,1.1556,169.4394,-14.0991,0.1304,67981568,0.0400,0.3000,2.2809,1.3064,1.4912,1389593830.5,632.8757
1.9840,1.1339,104.9167,-24.0055,0.1070,84866381,0.0400,0.9000,2.1963,1.2553,1.4344,1460992968,511.6937
2.0066,1.2309,354.0894,-32.4751,0.2483,76539079,0.0300,0.8000,2.5047,1.5365,1.6978,1416760555.5,1290.8507
1.6936,1.0008,173.0478,-22.0452,0.1850,78734904,0.0300,0.6000,2.0069,1.1860,1.3339,1396149093,928.2397
1.9656,1.2120,353.0244,-30.4378,0.0576,38249868,0.0300,0.1000,2.0787,1.2817,1.4128,1441995093,266.0465
1.9468,1.0357,167.1516,-8.4769,0.1252,20939779,0.0500,0.7000,2.1905,1.1654,1.3773,1430658468,605.4905
1.9623,1.0514,15.1960,-0.0938,0.1840,24474015,0.0500,0.7000,2.3234,1.2448,1.4664,1412099005.5,922.8200
1.8950,1.4529,279.6864,-39.2323,0.0405,54504230,0.0100,0.3000,1.9717,1.5117,1.5003,1461561655.5,184.7316
1.6936,1.0008,133.6065,-4.7980,0.0225,14205356,0.0300,0.8000,1.7316,1.0233,1.1509,1420835193,101.1818
1.8963,1.0080,184.7562,-55.1776,0.1483,3989903,0.0500,0.5000,2.1775,1.1575,1.3686,1453036068,727.9860
1.7994,1.0013,326.7885,-43.5856,0.1251,58460831,0.0400,0.9000,2.0245,1.1265,1.3036,1461037180.5,604.9156
1.9468,1.0357,317.2152,-2.3172,0.0999,65584260,0.0500,0.8000,2.1413,1.1392,1.3464,1405707430.5,475.4592
1.7308,1.1626,214.7841,0.0605,0.1040,41709126,0.0200,0.4000,1.9109,1.2836,1.3581,1436314968,496.3988
1.7954,1.1934,308.9587,-49.7241,0.0554,52392769,0.0200,1.0000,1.8948,1.2595,1.3393,1474243893,255.4694
1.6936,1.0008,126.8116,-2.3193,0.0604,34209587,0.0300,0.5000,1.7958,1.0612,1.1936,1391705568,279.5666
1.9656,1.2120,58.5858,-39.1207,0.1571,53251274,0.0300,0.0000,2.2743,1.4023,1.5457,1450371168,774.9411
1.7994,1.0013,1.8002,1.8461,0.1198,72348831,0.0400,0.5000,2.0150,1.1212,1.2975,1411391605.5,577.4018
1.9468,1.0357,303.0317,-27.6890,0.1353,38923024,0.0500,0.8000,2.2102,1.1759,1.3897,1399771143,658.7115
1.6936,1.0008,20.9507,-34.7566,0.0656,45427287,0.0300,0.1000,1.8047,1.0665,1.1995,1442399418,304.9493
1.8963,1.0080,187.9813,-47.8481,0.1062,81679002,0.0500,0.9000,2.0975,1.1150,1.3183,1390744030.5,507.1547
1.6131,1.0504,321.7991,-23.0158,0.0852,45590309,0.0200,0.9000,1.7505,1.1399,1.2241,1401161643,401.5306
1.9656,1.2120,213.7005,-10.4149,0.1632,30823489,0.0300,0.5000,2.2864,1.4098,1.5539,1394608743,808.2722
1.9468,1.0357,339.4697,-30.8664,0.0409,49662583,0.0500,0.1000,2.0263,1.0781,1.2741,1464185043,186.6394
1.6936,1.0008,52.6473,-51.5777,0.1101,49529597,0.0300,0.9000,1.8800,1.1110,1.2495,1413711580.5,527.2014
1.8963,1.0080,167.3039,-36.1035,0.0503,52618578,0.0500,0.7000,1.9917,1.0587,1.2518,1454426230.5,231.3761
2.0174,1.0877,293.1369,-52.1453,0.0578,36935809,0.0500,0.8000,2.1341,1.1506,1.3514,1469666380.5,267.4491
1.9656,1.2120,191.5876,-26.6071,0.0305,3627651,0.0300,0.9000,2.0256,1.2489,1.3767,1427725255.5,138.3280
1.7994,1.0013,186.6507,-5.0883,0.1763,61586151,0.0400,0.9000,2.1167,1.1778,1.3630,1427393830.5,880.2870
1.8963,1.0080,146.9749,-15.0868,0.1145,29530798,0.0500,0.7000,2.1134,1.1234,1.3283,1417700493,550.0625
1.7115,1.3259,45.0040,-8.4639,0.0612,79028510,0.0100,0.7000,1.8162,1.4071,1.3894,1450514268,283.6098
1.7994,1.0013,213.0474,-33.4701,0.1849,49026155,0.0400,0.6000,2.1321,1.1864,1.3729,1434734793,927.6874
1.9782,1.2244,181.7836,-0.8922,0.1272,29435737,0.0300,0.8000,2.2298,1.3801,1.5184,1421617518,615.9119
1.8546,1.4069,231.8659,-46.3193,0.0349,86998072,0.0100,0.7000,1.9193,1.4560,1.4525,1437168168,158.6333
1.8963,1.0080,144.9788,-41.9728,0.1984,35650584,0.0500,0.6000,2.2726,1.2080,1.4283,1419352893,1003.5133
1.7994,1.0013,3.7186,-46.5037,0.0798,42827238,0.0400,0.9000,1.9429,1.0811,1.2511,1386280930.5,374.4077
1.9468,1.0357,19.2707,-30.6425,0.1228,54081787,0.0500,0.0000,2.1858,1.1629,1.3744,1411643380.5,593.0876
1.9623,1.0514,310.0401,-41.9371,0.1045,44365601,0.0500,0.8000,2.1674,1.1612,1.3679,1401061068,498.8133
1.9782,1.2244,12.6151,-2.5427,0.1831,55330329,0.0300,1.0000,2.3403,1.4485,1.5937,1386318730.5,917.5171
1.6936,1.0008,98.0951,-23.4798,0.0903,82130188,0.0300,1.0000,1.8465,1.0912,1.2273,1418351868,426.8925
1.8963,1.0080,212.3247,1.8940,0.1261,39644719,0.0500,0.3000,2.1353,1.1351,1.3420,1422562518,610.0638
1.6131,1.0504,43.7269,-53.9898,0.0309,74097191,0.0200,0.2000,1.6629,1.0829,1.1629,1385410180.5,140.2420
1.8760,1.4624,335.1206,-20.7343,0.0628,77058580,0.0100,0.1000,1.9938,1.5543,1.5301,1439245480.5,291.2836
1.9656,1.2120,233.1865,-8.9800,0.0264,14749211,0.0300,0.2000,2.0174,1.2439,1.3711,1431327393,119.2221
1.7994,1.0013,39.0054,-0.8174,0.0231,35935180,0.0400,0.2000,1.8411,1.0245,1.1855,1389971830.5,104.3721
2.0178,1.1556,58.1288,-57.9192,0.1586,62400804,0.0400,0.2000,2.3377,1.3389,1.5284,1386393318,783.0802
1.9782,1.2244,149.7634,-29.9499,0.1513,30510428,0.0300,0.8000,2.2776,1.4097,1.5510,1431946705.5,744.1702
1.9840,1.1339,157.4536,3.9619,0.0206,67724086,0.0400,0.9000,2.0248,1.1572,1.3223,1425830530.5,92.5174
1.9266,1.0224,129.6453,-18.8527,0.0715,47871267,0.0500,1.0000,2.0643,1.0954,1.2962,1428733368,333.5027
1.6046,1.2177,156.6182,-4.6606,0.1435,21389408,0.0100,0.9000,1.8349,1.3925,1.3889,1390781155.5,702.1277
1.7994,1.0013,178.2861,1.7090,0.0644,18139418,0.0400,0.4000,1.9153,1.0658,1.2333,1395785268,299.2430
2.0408,1.3849,220.2742,-7.9187,0.0738,69039979,0.0200,0.4000,2.1915,1.4871,1.5657,1460314930.5,345.0035
1.6618,1.0963,352.3631,-44.5287,0.1764,48644727,0.0200,0.2000,1.9550,1.2897,1.3764,1472485180.5,880.8012
1.9782,1.2244,17.7679,-12.1079,0.0366,58412179,0.0300,0.4000,2.0506,1.2692,1.3965,1437151293,166.8188
1.6936,1.0008,180.0405,-47.5227,0.0868,7059332,0.0300,0.9000,1.8407,1.0877,1.2234,1434599455.5,409.6298
1.7994,1.0013,325.9899,-62.0869,0.0380,31145272,0.0400,0.4000,1.8678,1.0393,1.2027,1405437768,173.2496
2.0408,1.3849,186.6895,-19.3477,0.0268,58134514,0.0200,0.4000,2.0955,1.4219,1.4971,1426338468,120.9543
1.9782,1.2244,160.3089,-22.1199,0.0950,80803681,0.0300,0.1000,2.1660,1.3406,1.4750,1420142643,450.3152
1.9266,1.0224,355.9123,-2.0174,0.0941,49331271,0.0500,0.5000,2.1080,1.1186,1.3237,1403615605.5,446.1448
1.7954,1.1934,81.6476,-22.0104,0.1762,12805991,0.0200,0.8000,2.1118,1.4038,1.4927,1447597930.5,879.6874
1.3448,1.0022,160.0437,-13.3589,0.0493,85428880,0.0100,0.1000,1.4112,1.0516,1.0582,1461469180.5,226.7555
1.8963,1.0080,183.3427,-31.9607,0.1499,87313435,0.0500,1.0000,2.1805,1.1591,1.3705,1426475155.5,736.3978
1.7994,1.0013,303.1883,-7.6853,0.0458,40047849,0.0400,0.1000,1.8818,1.0472,1.2117,1439425705.5,209.9983
1.9468,1.0357,178.2866,-27.7336,0.0553,12872410,0.0500,0.1000,2.0545,1.0930,1.2918,1426750555.5,255.3253
1.7954,1.1934,8.3246,-11.7676,0.0046,37038442,0.0200,0.4000,1.8037,1.1989,1.2749,1444518918,20.4441
1.8963,1.0080,319.4326,-24.6839,0.0617,10472689,0.0500,0.8000,2.0132,1.0702,1.2653,1407015918,286.0238
2.0174,1.0877,246.1919,-28.7374,0.1366,50878159,0.0500,0.8000,2.2930,1.2363,1.4520,1456114743,665.6595
1.4788,1.1166,42.6099,-16.5869,0.0917,41592470,0.0100,0.7000,1.6145,1.2191,1.2189,1385498268,434.1089
1.7994,1.0013,138.3367,-17.7925,0.1440,4927418,0.0400,0.0000,2.0585,1.1454,1.3255,1450716093,704.6310
1.7994,1.0013,71.0997,-37.6816,0.1476,56512506,0.0400,0.9000,2.0650,1.1491,1.3297,1413990355.5,724.1340
2.0408,1.3849,197.8184,-30.7321,0.1752,5530253,0.0200,0.3000,2.3984,1.6275,1.7136,1401560230.5,874.0266
1.9468,1.0357,335.4309,-60.4223,0.1375,64408750,0.0500,0.8000,2.2144,1.1781,1.3924,1415148993,670.2409
1.9782,1.2244,259.9403,-13.6967,0.0858,3418383,0.0300,0.1000,2.1479,1.3294,1.4627,1462980168,404.4006
1.9840,1.1339,139.3111,-38.7484,0.1279,86852369,0.0400,0.3000,2.2378,1.2790,1.4614,1420698168,619.7746
1.7722,1.3844,7.6811,-41.3659,0.0583,3769444,0.0100,0.5000,1.8755,1.4651,1.4409,1413443605.5,269.5666
1.9468,1.0357,312.7400,-9.2919,0.0664,55064954,0.0500,1.0000,2.0759,1.1045,1.3053,1469771005.5,308.5811
2.0178,1.1556,160.0753,-1.5298,0.0914,18834490,0.0400,0.3000,2.2023,1.2613,1.4398,1452030655.5,432.5798
1.9840,1.1339,307.5354,-22.4510,0.0412,21977471,0.0400,1.0000,2.0658,1.1807,1.3491,1470173305.5,188.4493
2.0066,1.2309,239.8094,-9.7634,0.1329,56989867,0.0300,0.6000,2.2733,1.3946,1.5409,1462782730.5,646.1872
1.7994,1.0013,188.4985,-21.7850,0.0786,83992563,0.0400,0.6000,1.9408,1.0800,1.2497,1458702693,368.6304
1.9782,1.2244,163.2118,-1.4667,0.0904,39292569,0.0300,0.8000,2.1570,1.3351,1.4689,1393438968,427.4594
1.8546,1.4069,9.6103,-19.7395,0.0428,7522827,0.0100,0.2000,1.9339,1.4670,1.4635,1476328630.5,195.5752
1.9266,1.0224,165.4806,3.9478,0.1262,54160287,0.0500,1.0000,2.1698,1.1515,1.3625,1429816405.5,610.9732
1.9938,1.0736,222.1564,-36.3495,0.1246,74858696,0.0500,0.4000,2.2421,1.2073,1.4189,1396825780.5,602.1906
2.0501,1.2625,320.4249,-5.1554,0.1614,65116476,0.0300,0.2000,2.3810,1.4662,1.6171,1475468680.5,798.2504
1.7994,1.0013,92.8100,-48.5597,0.1656,65844473,0.0400,0.5000,2.0974,1.1671,1.3506,1448489943,821.3908
1.9468,1.0357,13.5634,-50.9616,0.1066,18976590,0.0500,1.0000,2.1542,1.1461,1.3545,1417826043,509.1916
2.0178,1.1556,256.4649,-21.2570,0.1827,63031770,0.0400,1.0000,2.3865,1.3668,1.5602,1428278418,915.5440
1.8546,1.4069,25.4309,-16.4379,0.0180,18155618,0.0100,0.6000,1.8881,1.4323,1.4289,1389143268,81.0416
1.9468,1.0357,170.6377,-4.3426,0.1783,60195496,0.0500,0.8000,2.2939,1.2204,1.4424,1388587405.5,891.1700
1.8104,1.3866,213.9373,2.6895,0.0285,33611570,0.0100,0.2000,1.8620,1.4261,1.4161,1438185055.5,129.0463
2.0178,1.1556,273.7885,-38.3322,0.0564,29132672,0.0400,0.8000,2.1315,1.2208,1.3935,1426093105.5,260.2478
1.9266,1.0224,75.7638,-13.4562,0.1568,50848919,0.0500,0.8000,2.2287,1.1827,1.3995,1385209030.5,773.5877
1.8923,1.2857,78.8490,-29.2953,0.0665,86297446,0.0200,0.5000,2.0182,1.3712,1.4429,1453789030.5,309.3695
2.0178,1.1556,224.8135,-27.5199,0.2028,37019098,0.0400,0.9000,2.4271,1.3900,1.5868,1399388418,1028.3117
1.9266,1.0224,253.3210,0.6808,0.0374,6174290,0.0500,0.3000,1.9986,1.0606,1.2550,1404389830.5,170.2588
1.9938,1.0736,69.3391,-47.1953,0.0996,54949845,0.0500,0.1000,2.1923,1.1805,1.3873,1413175293,473.6906
1.8862,1.2574,62.3586,-35.2153,0.1143,60246575,0.0200,0.5000,2.1019,1.4012,1.4879,1451770780.5,549.2192
1.8356,1.1174,208.7544,-25.3197,0.0579,57153409,0.0300,0.8000,1.9419,1.1821,1.3109,1429353018,267.7851
1.9782,1.2244,45.6874,-8.9217,0.0835,33161526,0.0300,0.8000,2.1433,1.3266,1.4596,1412528643,392.8322
1.9266,1.0224,64.2301,-1.7725,0.1291,19418890,0.0500,0.0000,2.1754,1.1544,1.3660,1413661968,626.0845
1.8923,1.2857,260.9254,-55.4074,0.1007,28650820,0.0200,0.8000,2.0829,1.4152,1.4891,1428128905.5,479.3055
1.5153,1.1799,231.4749,-48.3037,0.1251,71038163,0.0100,0.7000,1.7049,1.3275,1.3076,1469627230.5,605.0452
1.9938,1.0736,204.5811,-4.7518,0.1850,28536388,0.0500,0.4000,2.3627,1.2722,1.4951,1429925755.5,928.3438
1.6618,1.0963,331.5280,-24.4725,0.0765,48200449,0.0200,0.7000,1.7890,1.1802,1.2596,1405942668,358.4937
2.0178,1.1556,137.7210,-7.2530,0.1316,44855900,0.0400,0.8000,2.2834,1.3078,1.4929,1449872005.5,639.2696
1.6662,1.0902,356.9642,0.6032,0.0621,61105131,0.0200,0.9000,1.7697,1.1579,1.2406,1447936443,288.0351
1.9727,1.2176,28.5936,-24.1790,0.1167,50179669,0.0300,0.8000,2.2029,1.3597,1.4980,1385421318,561.2143
1.9266,1.0224,193.6291,-35.6415,0.1278,84576085,0.0500,0.7000,2.1729,1.1531,1.3644,1391532093,619.3169
1.9468,1.0357,29.7529,-51.7661,0.1785,37511749,0.0500,0.9000,2.2943,1.2206,1.4426,1439509405.5,892.2016
1.7308,1.1626,156.6912,-1.6095,0.1384,40915696,0.0200,0.5000,1.9703,1.3235,1.4003,1455856218,674.8480
1.9782,1.2244,350.5022,-34.1496,0.0432,1243767,0.0300,1.0000,2.0637,1.2773,1.4053,1473608718,197.7434
1.9266,1.0224,23.7578,-23.5802,0.0993,76898441,0.0500,0.4000,2.1180,1.1239,1.3299,1417084218,472.3631
1.8034,1.0083,179.9785,-12.0074,0.1275,4708255,0.0400,0.8000,2.0334,1.1369,1.3126,1388649168,617.6557
1.9623,1.0514,189.4276,-11.3699,0.1426,29350262,0.0500,1.0000,2.2421,1.2013,1.4151,1431141093,697.3537
1.9782,1.2244,342.9780,-58.1107,0.0399,4751287,0.0300,0.2000,2.0571,1.2732,1.4009,1385879980.5,182.0867
1.9840,1.1339,68.4658,-38.8117,0.0795,39156401,0.0400,0.8000,2.1416,1.2240,1.3986,1451022880.5,372.9034
1.9266,1.0224,325.6850,-33.3776,0.0582,83536211,0.0500,0.0000,2.0388,1.0819,1.2802,1478897343,269.2692
1.8034,1.0083,274.7410,2.6634,0.0664,63567687,0.0400,0.2000,1.9233,1.0753,1.2415,1432303443,309.0263
2.0178,1.1556,123.9352,1.9391,0.1495,2172896,0.0400,1.0000,2.3194,1.3284,1.5164,1424735005.5,734.0497
1.9840,1.1339,313.7555,-37.7341,0.0814,20455843,0.0400,0.9000,2.1454,1.2262,1.4011,1405241680.5,382.4073
1.8717,1.0593,64.0635,-44.5531,0.0270,4264197,0.0400,0.6000,1.9223,1.0879,1.2489,1388868880.5,122.1774
1.8912,1.1611,192.5024,-24.0101,0.0332,48682414,0.0300,1.0000,1.9540,1.1996,1.3250,1462916380.5,150.6874
1.9938,1.0736,24.7255,-27.0601,0.2558,75979950,0.0500,0.7000,2.5039,1.3483,1.5845,1406930868,1335.5973
1.9782,1.2244,37.6663,-33.1220,0.1136,76928574,0.0300,0.6000,2.2028,1.3634,1.5001,1415104780.5,545.2413
1.8546,1.4069,29.6290,-14.5915,0.0716,31779847,0.0100,1.0000,1.9874,1.5076,1.5040,1473925293,334.2301
1.9266,1.0224,23.9760,-15.0196,0.0439,46738292,0.0500,0.3000,2.0113,1.0673,1.2630,1479618580.5,201.1896
1.8912,1.1611,302.9296,-39.8882,0.0913,57044368,0.0300,0.5000,2.0639,1.2672,1.3996,1442835468,431.9950
1.8702,1.1388,30.0509,-2.3332,0.1094,34965761,0.0300,0.7000,2.0748,1.2634,1.4009,1449530455.5,523.9308
1.7308,1.1626,78.9660,-38.7165,0.0617,29885980,0.0200,0.3000,1.8376,1.2344,1.3060,1413149305.5,286.0851
1.6570,1.0920,194.5937,-34.7051,0.2162,42884156,0.0200,0.7000,2.0152,1.3281,1.4180,1457010130.5,1104.3183
1.9782,1.2244,97.2099,-35.4552,0.1699,18177062,0.0300,0.5000,2.3143,1.4324,1.5761,1426386393,845.0726
1.9266,1.0224,90.1018,-53.0765,0.0979,9139579,0.0500,0.5000,2.1153,1.1225,1.3283,1456110355.5,465.3959
1.8912,1.1611,354.4052,-59.7218,0.1567,17384223,0.0300,0.4000,2.1875,1.3430,1.4834,1416666393,772.8462
1.9623,1.0514,152.7617,-45.6147,0.1854,19593805,0.0500,0.8000,2.3261,1.2463,1.4681,1426763043,930.3592
1.8950,1.4529,317.4274,-1.5836,0.0487,87647637,0.0100,0.7000,1.9874,1.5238,1.5123,1399610830.5,223.9276
1.9266,1.0224,149.6700,-15.8504,0.0805,31824762,0.0500,0.5000,2.0817,1.1047,1.3072,1391738643,378.1863
1.9938,1.0736,115.6394,-14.1187,0.1704,55957728,0.0500,0.9000,2.3336,1.2566,1.4767,1422397480.5,847.7798
1.8356,1.1174,203.0296,-19.6898,0.0724,38582692,0.0300,0.3000,1.9685,1.1983,1.3289,1453685418,338.2318
2.0178,1.1556,57.2117,-28.9694,0.2170,68719862,0.0400,0.9000,2.4556,1.4064,1.6055,1480383693,1109.0235
1.9840,1.1339,230.7601,-17.0694,0.0808,47025445,0.0400,0.3000,2.1442,1.2255,1.4003,1460920405.5,379.3079
1.9266,1.0224,115.0189,-21.0799,0.0263,76569866,0.0500,0.1000,1.9773,1.0493,1.2417,1415055505.5,119.0087
1.8923,1.2857,296.6352,-10.4001,0.0355,8781055,0.0200,0.4000,1.9595,1.3314,1.4009,1411777030.5,161.5140
1.8034,1.0083,73.2905,-29.9992,0.1198,34540247,0.0400,0.9000,2.0195,1.1291,1.3037,1417871605.5,577.5424
1.9266,1.0224,77.0112,-10.5192,0.0972,9819455,0.0500,0.1000,2.1139,1.1218,1.3274,1475446743,461.6281
1.9938,1.0736,200.9344,-20.9254,0.0754,62342961,0.0500,0.6000,2.1442,1.1546,1.3569,1466959293,353.0572
1.8034,1.0083,267.1653,-50.4925,0.2661,49586609,0.0400,1.0000,2.2833,1.2766,1.4740,1458404343,1396.7239
2.0052,1.0865,79.7544,-45.0732,0.1989,7644630,0.0500,0.8000,2.4040,1.3026,1.5263,1389644118,1006.0633
2.0329,1.0979,353.7437,-10.5873,0.2365,24306539,0.0500,1.0000,2.5136,1.3576,1.5932,1414442605.5,1221.8336
1.9782,1.2244,321.5502,-14.5047,0.0898,25330307,0.0300,0.8000,2.1559,1.3344,1.4681,1413233005.5,424.5687
1.9840,1.1339,340.8517,3.7536,0.2046,43031091,0.0400,0.8000,2.3899,1.3660,1.5608,1411883343,1038.3948
2.0066,1.2309,310.9778,-43.4192,0.0419,33927804,0.0300,0.5000,2.0907,1.2825,1.4171,1476462618,191.6065
1.9463,1.4934,32.4369,-20.8639,0.1973,64408039,0.0100,0.1000,2.3303,1.7880,1.7739,1444786893,997.0847
1.9266,1.0224,343.6619,-3.3666,0.1290,44882194,0.0500,0.1000,2.1751,1.1543,1.3658,1415813193,625.3622
1.6570,1.0920,330.7324,-7.8325,0.0786,12736201,0.0200,0.9000,1.7873,1.1779,1.2577,1401408693,368.8088
1.6662,1.0902,69.2073,-13.9807,0.1271,7065060,0.0200,1.0000,1.8779,1.2288,1.3165,1445618493,615.4551
1.9266,1.0224,8.9278,-25.7029,0.2291,76319863,0.0500,0.6000,2.3680,1.2566,1.4870,1443028855.5,1178.8734
1.9938,1.0736,229.9291,-17.5018,0.1542,48529863,0.0500,0.4000,2.3012,1.2391,1.4563,1397124468,759.4605
1.9094,1.0195,139.8033,-17.9519,0.1378,17749005,0.0500,0.8000,2.1724,1.1599,1.3686,1421907768,671.7598
1.9266,1.0224,25.1186,-61.6855,0.1322,30544841,0.0500,0.8000,2.1812,1.1575,1.3697,1444043718,642.1131
1.9938,1.0736,203.2565,-37.5704,0.1143,17771428,0.0500,1.0000,2.2218,1.1963,1.4060,1421193618,549.1669
1.8862,1.2574,20.5280,-24.1925,0.1382,24368581,0.0200,0.9000,2.1469,1.4312,1.5198,1470186130.5,674.0305
1.3163,1.0070,138.9448,-4.2044,0.0768,24811669,0.0100,0.0000,1.4175,1.0844,1.0774,1422626980.5,359.9667
1.9094,1.0195,61.7518,2.9462,0.0816,76288999,0.0500,0.7000,2.0652,1.1027,1.3011,1419518605.5,383.7251
1.8546,1.4069,352.9659,-20.7907,0.1082,26555846,0.0100,0.0000,2.0553,1.5591,1.5554,1438158393,517.7754
1.9840,1.1339,10.2062,-22.2511,0.2086,45195009,0.0400,0.6000,2.3979,1.3705,1.5660,1407027055.5,1061.1175
1.9266,1.0224,36.8755,-16.6596,0.0805,22872515,0.0500,0.4000,2.0816,1.1047,1.3072,1407544105.5,377.9213
1.8923,1.2857,179.4357,-28.9388,0.0728,69321671,0.0200,0.8000,2.0302,1.3794,1.4514,1403545743,340.3032
1.8912,1.1611,347.4264,-41.2768,0.1413,26229271,0.0300,0.9000,2.1585,1.3252,1.4637,1385697055.5,690.6667
1.6662,1.0902,71.2481,-14.2699,0.0287,28132270,0.0200,0.9000,1.7140,1.1215,1.2016,1424456905.5,130.0182
1.9727,1.2176,163.4010,-12.1169,0.1305,76185445,0.0300,1.0000,2.2302,1.3765,1.5166,1401497793,633.5227
1.7735,1.1889,49.3953,1.5171,0.0257,45512460,0.0200,0.9000,1.8192,1.2195,1.2915,1470667068,116.2977
1.9840,1.1339,36.2357,-35.9274,0.0557,48437118,0.0400,0.8000,2.0944,1.1971,1.3678,1475259768,257.0127
1.9266,1.0224,70.6799,-25.2801,0.0710,27271543,0.0500,0.5000,2.0635,1.0950,1.2957,1418620855.5,331.4198
1.9266,1.0224,352.8753,-60.9665,0.1284,73389726,0.0500,0.0000,2.1740,1.1537,1.3652,1439397018,622.4948
1.8912,1.1611,11.0115,-21.2477,0.0705,43887115,0.0300,0.8000,2.0246,1.2430,1.3729,1418607693,328.8290
1.9938,1.0736,190.2856,-50.6385,0.1719,68314155,0.0500,0.3000,2.3365,1.2581,1.4786,1457344593,855.6985
1.9444,1.4808,193.9941,-0.5985,0.1104,47511600,0.0100,0.0000,2.1590,1.6443,1.6372,1427432305.5,528.7404
1.8034,1.0083,55.7680,-10.8970,0.1313,86203669,0.0400,0.9000,2.0402,1.1407,1.3170,1416519580.5,637.4378
1.9727,1.2176,156.7875,-3.5233,0.1237,6362927,0.0300,1.0000,2.2167,1.3682,1.5074,1431678055.5,597.6328
1.9266,1.0224,180.3471,-7.2038,0.1205,40756217,0.0500,0.6000,2.1588,1.1456,1.3556,1431486693,581.0638
1.8034,1.0083,51.1636,-13.4011,0.0585,37321245,0.0400,0.9000,1.9089,1.0673,1.2323,1417421043,270.5068
1.9351,1.1061,127.9647,-21.2924,0.1120,52969563,0.0400,0.3000,2.1519,1.2300,1.4054,1450180818,537.2858
1.8942,1.0751,332.6133,-47.7176,0.0188,27182264,0.0400,1.0000,1.9299,1.0954,1.2557,1462125618,84.6070
1.9266,1.0224,67.6842,-37.7518,0.0252,35141905,0.0500,0.6000,1.9752,1.0482,1.2403,1413487143,113.9825
1.8912,1.1611,51.6597,-24.1194,0.1537,82263053,0.0300,0.5000,2.1819,1.3396,1.4796,1420735293,756.7646
1.9444,1.4808,89.5184,-32.2429,0.0669,61193799,0.0100,0.2000,2.0744,1.5799,1.5731,1392068043,311.1688
1.8862,1.2574,74.6728,-24.1301,0.1765,4892384,0.0200,0.4000,2.2191,1.4793,1.5709,1423828480.5,881.0476
1.8034,1.0083,141.2030,-40.5572,0.0786,81595672,0.0400,0.1000,1.9452,1.0876,1.2557,1399197393,368.6994
1.9266,1.0224,47.5944,3.4981,0.1438,71107992,0.0500,1.0000,2.2037,1.1694,1.3838,1479919968,703.8200
1.9938,1.0736,206.5332,-26.7825,0.0870,73993028,0.0500,0.9000,2.1672,1.1670,1.3714,1455874780.5,410.2714
1.9444,1.4808,38.7429,-31.8751,0.0357,69164217,0.0100,0.9000,2.0138,1.5337,1.5271,1445070055.5,162.4273
1.8034,1.0083,100.0767,-46.0121,0.1314,51783114,0.0400,0.1000,2.0405,1.1409,1.3172,1426059355.5,638.2711
1.9351,1.1061,139.5720,-34.4008,0.1111,2514417,0.0400,0.6000,2.1502,1.2290,1.4043,1432536318,532.7526
1.9727,1.2176,241.9301,1.3686,0.1038,689202,0.0300,0.8000,2.1774,1.3439,1.4806,1427122143,494.9353
1.7735,1.1889,23.9988,-19.9198,0.0692,68660349,0.0200,0.5000,1.8963,1.2712,1.3463,1451294230.5,322.6202
1.8275,1.4004,103.7212,-36.5806,0.0865,28601655,0.0100,0.3000,1.9856,1.5216,1.5105,1458470493,407.9883
2.0181,1.3585,152.5017,-8.2922,0.1928,28373444,0.0200,1.0000,2.4072,1.6204,1.7127,1389065305.5,971.7858
2.0066,1.2309,314.4565,-42.7959,0.0705,37067550,0.0300,0.8000,2.1480,1.3177,1.4560,1400847093,328.7482
1.9840,1.1339,230.1840,-4.1688,0.0721,79254289,0.0400,0.7000,2.1269,1.2156,1.3891,1405336855.5,336.4397
1.8717,1.0593,36.7260,-2.1492,0.0491,64139897,0.0400,0.5000,1.9637,1.1114,1.2758,1413970780.5,225.6999
1.8034,1.0083,98.4429,-15.0716,0.0257,3053279,0.0400,1.0000,1.8498,1.0342,1.1941,1385823280.5,116.0702
2.0052,1.0865,72.4648,-46.6524,0.1193,60831264,0.0500,1.0000,2.2445,1.2161,1.4250,1385196205.5,575.0463
1.9474,1.1985,99.3326,-4.5482,0.1019,31345550,0.0300,0.1000,2.1458,1.3206,1.4570,1425926043,485.3949
1.9727,1.2176,163.4016,-43.2710,0.2376,53889304,0.0300,0.9000,2.4415,1.5070,1.6602,1427938218,1228.5049
1.9392,1.1876,323.2819,-45.4437,0.2733,29891705,0.0300,0.7000,2.4691,1.5121,1.6722,1475541918,1440.0266
1.9266,1.0224,178.3001,-6.3156,0.1022,38726735,0.0500,0.6000,2.1235,1.1269,1.3334,1426973643,486.8586
1.9938,1.0736,194.5871,-47.0515,0.1410,51805437,0.0500,0.7000,2.2749,1.2250,1.4396,1391355243,688.9065
1.8356,1.1174,143.4914,-36.1832,0.0561,86729047,0.0300,0.9000,1.9386,1.1801,1.3087,1388007580.5,259.0928
1.9266,1.0224,152.7521,-39.6204,0.0625,31644007,0.0500,0.9000,2.0470,1.0863,1.2854,1462917055.5,289.8549
1.8034,1.0083,157.6997,3.0793,0.0980,85365766,0.0400,0.7000,1.9802,1.1071,1.2783,1432275768,465.6656
1.5700,1.0158,330.5142,-34.2565,0.0793,88676000,0.0200,1.0000,1.6946,1.0964,1.1810,1473284043,372.2272
2.0052,1.0865,25.7221,-12.4843,0.1749,203191,0.0500,0.0000,2.3559,1.2765,1.4958,1411607268,872.3972
2.0271,1.3729,85.1925,-53.4252,0.1450,78212099,0.0200,0.9000,2.3211,1.5721,1.6567,1391638068,710.3248
1.9727,1.2176,127.2845,-12.0967,0.0496,39391798,0.0300,0.5000,2.0706,1.2780,1.4080,1428420505.5,228.1248
1.9266,1.0224,58.7085,-28.1824,0.0950,75972731,0.0500,0.5000,2.1096,1.1195,1.3247,1444784530.5,450.3867
1.8034,1.0083,279.1478,-35.9124,0.0932,71064080,0.0400,1.0000,1.9715,1.1023,1.2727,1460541393,441.4674
1.5700,1.0158,317.3797,-43.1477,0.1106,55827455,0.0200,0.5000,1.7437,1.1282,1.2153,1469782818,530.1094
1.8942,1.0751,295.0624,-40.4093,0.0821,58357886,0.0400,0.2000,2.0497,1.1634,1.3337,1397873380.5,385.9290
1.9727,1.2176,164.7353,-14.4424,0.0395,69171570,0.0300,0.7000,2.0506,1.2657,1.3944,1463480005.5,180.1128
1.9840,1.1339,57.2632,-40.0612,0.0825,80647130,0.0400,0.5000,2.1477,1.2275,1.4026,1411172568,388.1830
1.9266,1.0224,354.5327,-10.3955,0.1823,19933771,0.0500,0.8000,2.2777,1.2087,1.4303,1447844305.5,912.9758
1.8034,1.0083,49.6331,-51.4351,0.0865,56384184,0.0400,0.4000,1.9595,1.0956,1.2649,1386400743,407.9671
1.4032,1.0481,359.2254,-20.8689,0.1262,29566905,0.0100,0.5000,1.5803,1.1804,1.1865,1437662605.5,611.0403
1.9266,1.0224,305.5290,-6.9048,0.0776,11644715,0.0500,0.0000,2.0761,1.1017,1.3037,1467986980.5,363.7297
1.9938,1.0736,200.0762,-45.4595,0.0771,7380744,0.0500,0.8000,2.1474,1.1563,1.3589,1427782968,361.0660
1.9094,1.0195,186.2549,-2.3835,0.1854,41778617,0.0500,0.5000,2.2634,1.2085,1.4259,1453591930.5,930.5468
2.0052,1.0865,286.7154,-45.4360,0.0286,87644040,0.0500,1.0000,2.0625,1.1175,1.3095,1461850218,129.4402
2.0329,1.0979,107.7499,1.9153,0.1995,59123351,0.0500,1.0000,2.4385,1.3170,1.5456,1454756305.5,1009.6348
1.9266,1.0224,149.7623,-46.8837,0.0622,40820569,0.0500,0.7000,2.0464,1.0860,1.2850,1427569330.5,288.3546
1.9938,1.0736,13.0607,-30.2792,0.1534,47708887,0.0500,0.5000,2.2996,1.2382,1.4552,1410824943,754.9596
1.8862,1.2574,13.5452,-50.9491,0.1165,35879359,0.0200,0.5000,2.1059,1.4038,1.4907,1471612405.5,560.2135
1.9094,1.0195,68.1923,-37.3806,0.0563,9525114,0.0500,0.1000,2.0168,1.0768,1.2706,1389422718,259.8901
1.8034,1.0083,137.8250,-6.3100,0.1016,21827057,0.0400,0.6000,1.9867,1.1108,1.2825,1458973030.5,484.1097
1.9266,1.0224,187.1674,-17.4220,0.1028,34438456,0.0500,0.7000,2.1247,1.1275,1.3342,1434846505.5,490.2081
1.9938,1.0736,196.2413,-28.4258,0.1755,8059496,0.0500,0.7000,2.3437,1.2620,1.4832,1424274318,875.6914
1.8034,1.0083,27.7480,-18.5382,0.1099,77066503,0.0400,0.4000,2.0017,1.1192,1.2922,1445482818,526.5806
1.7331,1.0324,120.5249,-18.0386,0.1706,43055235,0.0300,1.0000,2.0288,1.2085,1.3541,1421761630.5,848.8643
1.8013,1.3729,264.7093,-1.2477,0.0546,29681082,0.0100,0.1000,1.8996,1.4478,1.4410,1458492093,251.6581
1.9266,1.0224,43.2276,-29.2377,0.1423,77328073,0.0500,0.6000,2.2008,1.1679,1.3820,1442708230.5,695.9445
1.8912,1.1611,53.6753,-54.2793,0.0722,19300575,0.0300,0.8000,2.0278,1.2450,1.3751,1385842518,337.2214
1.9938,1.0736,310.7672,-40.7879,0.0483,49483990,0.0500,0.5000,2.0900,1.1254,1.3226,1444640755.5,221.5874
1.8034,1.0083,50.6852,-42.1905,0.1608,14945644,0.0400,0.4000,2.0934,1.1704,1.3514,1446937780.5,795.1087
2.0052,1.0865,120.0319,-2.3992,0.1185,22478390,0.0500,0.6000,2.2427,1.2152,1.4239,1448996530.5,570.5605
1.9266,1.0224,323.6859,-24.9946,0.0544,59492553,0.0500,0.3000,2.0314,1.0780,1.2756,1470524980.5,250.8756
1.9938,1.0736,64.5792,-42.6560,0.2009,41005829,0.0500,0.5000,2.3944,1.2893,1.5152,1415881705.5,1017.3754
1.9094,1.0195,139.3604,-8.2423,0.0971,17093814,0.0500,1.0000,2.0947,1.1184,1.3196,1452571330.5,461.0434
1.8034,1.0083,328.9568,-4.5690,0.1518,10609414,0.0400,0.9000,2.0772,1.1614,1.3409,1467874255.5,746.5452
2.0052,1.0865,172.5586,-38.5953,0.0741,79326348,0.0500,0.5000,2.1538,1.1670,1.3675,1398356680.5,346.6001
1.8912,1.1611,318.3857,-17.3410,0.1044,13753246,0.0300,0.0000,2.0887,1.2823,1.4164,1439919805.5,498.2193
1.8862,1.2574,349.9529,-19.1793,0.0739,20250321,0.0200,0.6000,2.0257,1.3503,1.4339,1405096218,345.6354
1.8356,1.1174,284.3193,-53.5974,0.1227,26328496,0.0300,0.8000,2.0608,1.2545,1.3912,1410413530.5,592.5834
1.8034,1.0083,142.1361,2.1954,0.0622,23955369,0.0400,0.0000,1.9156,1.0710,1.2366,1456604793,288.2907
1.9351,1.1061,121.5408,-30.6048,0.0830,49076572,0.0400,0.7000,2.0957,1.1978,1.3687,1450846030.5,390.2781
1.9266,1.0224,150.9277,-29.3655,0.1342,86983953,0.0500,0.7000,2.1851,1.1596,1.3721,1392862855.5,652.7400
1.8912,1.1611,13.9693,-12.5542,0.1053,8390418,0.0300,0.6000,2.0905,1.2834,1.4176,1478088355.5,503.0381
1.8034,1.0083,92.6023,-55.5877,0.0289,27533465,0.0400,0.9000,1.8556,1.0375,1.1979,1450458580.5,130.9471
1.5700,1.0158,7.7014,-20.5865,0.2151,35151459,0.0200,0.2000,1.9077,1.2342,1.3296,1411964680.5,1097.9571
2.0052,1.0865,340.4266,-8.6127,0.0819,53617059,0.0500,1.0000,2.1695,1.1755,1.3774,1461667630.5,385.1079
1.8923,1.2857,318.0330,-40.4986,0.0431,61568554,0.0200,0.8000,1.9738,1.3411,1.4111,1428840693,197.0103
1.8034,1.0083,356.1778,-44.1912,0.1885,32251264,0.0400,0.0000,2.1433,1.1984,1.3836,1444070043,947.5836
1.4032,1.0481,225.6875,-16.5783,0.0330,13569235,0.0100,0.3000,1.4495,1.0826,1.0882,1455778930.5,149.7978
1.8013,1.3729,89.0870,-15.3852,0.0636,47946234,0.0100,0.8000,1.9158,1.4601,1.4533,1445616130.5,295.0841
2.0052,1.0865,49.2703,1.7238,0.1676,7089734,0.0500,0.1000,2.3413,1.2686,1.4865,1470779793,832.5111
1.8034,1.0083,138.3570,0.2148,0.0885,52640853,0.0400,0.9000,1.9630,1.0976,1.2672,1421996530.5,417.8351
1.9351,1.1061,206.5044,-39.8533,0.1488,69312941,0.0400,0.3000,2.2231,1.2707,1.4519,1436580580.5,730.6333
1.8942,1.0751,153.6702,-40.7928,0.1225,52992202,0.0400,0.1000,2.1264,1.2069,1.3836,1423665468,591.7361
2.0052,1.0865,24.9034,-6.8169,0.1674,64091858,0.0500,0.0000,2.3408,1.2683,1.4862,1415098705.5,830.9707
2.0329,1.0979,71.6284,-29.7239,0.1632,54204291,0.0500,0.1000,2.3646,1.2771,1.4987,1450410993,808.1968
1.8912,1.1611,60.1363,-24.8639,0.0785,81318276,0.0300,0.2000,2.0397,1.2523,1.3831,1415857068,368.1228
1.8862,1.2574,5.6393,-17.1422,0.1786,27294618,0.0200,1.0000,2.2232,1.4820,1.5737,1467935680.5,892.9645
1.9094,1.0195,177.1920,-4.2787,0.1308,82236851,0.0500,0.2000,2.1591,1.1528,1.3602,1453534893,634.9224
2.0052,1.0865,311.8918,-7.8739,0.1116,82709259,0.0500,0.4000,2.2289,1.2077,1.4152,1469658955.5,535.0522
2.0271,1.3729,212.7150,-18.4857,0.2010,9784971,0.0200,0.9000,2.4344,1.6489,1.7376,1394745093,1017.7122
1.9938,1.0736,116.0611,-12.0134,0.1602,37807542,0.0500,1.0000,2.3132,1.2456,1.4638,1450331343,791.8937
1.9094,1.0195,45.1345,-39.5475,0.0827,66051823,0.0500,0.0000,2.0673,1.1038,1.3024,1408286943,389.1043
1.8034,1.0083,131.6372,-31.4514,0.1175,47875224,0.0400,0.3000,2.0154,1.1268,1.3010,1421784918,565.6628
1.5700,1.0158,333.7413,-19.2655,0.0281,8225192,0.0200,0.5000,1.6141,1.0443,1.1250,1467468918,127.1531
1.8942,1.0751,6.3229,-8.7226,0.1162,18782840,0.0400,0.7000,2.1144,1.2001,1.3758,1408547493,558.9138
1.8034,1.0083,167.4179,2.9631,0.2109,80682975,0.0400,0.4000,2.1839,1.2210,1.4098,1424679318,1074.3533
1.5700,1.0158,40.5031,-53.4310,0.0612,61742232,0.0200,1.0000,1.6662,1.0780,1.1612,1451854480.5,283.8188
1.6852,1.2906,124.2261,-5.2862,0.1506,32986643,0.0100,0.9000,1.9391,1.4851,1.4747,1394554743,740.3119
1.5757,1.1931,188.5928,-7.1589,0.0846,23846188,0.0100,0.6000,1.7091,1.2941,1.2922,1393246930.5,398.6249
1.7719,1.1935,18.2634,-35.8304,0.0343,7808938,0.0200,0.2000,1.8326,1.2344,1.3043,1414154380.5,155.8522
1.8912,1.1611,140.5312,-16.8266,0.0301,12509343,0.0300,0.6000,1.9481,1.1961,1.3211,1395919593,136.3588
1.9444,1.4808,181.2430,-39.8498,0.1482,23887925,0.0100,0.8000,2.2325,1.7003,1.6930,1396124455.5,727.1990
1.8034,1.0083,349.6408,-24.8585,0.1435,7476572,0.0400,0.6000,2.0623,1.1530,1.3313,1410076705.5,702.2433
2.0052,1.0865,19.7261,-49.1502,0.0393,45246485,0.0500,0.5000,2.0840,1.1292,1.3232,1410386193,179.3592
2.0271,1.3729,335.3132,-48.2033,0.0352,6648354,0.0200,0.9000,2.0985,1.4213,1.4978,1437396993,160.2671
1.8356,1.1174,230.1299,-41.0045,0.2310,42360689,0.0300,0.8000,2.2596,1.3755,1.5254,1432999705.5,1189.7786
1.6519,1.0879,137.4429,-13.5600,0.0972,23087936,0.0200,0.7000,1.8125,1.1937,1.2749,1430421543,461.8121
1.8034,1.0083,111.1908,-57.4410,0.0749,74338795,0.0400,0.4000,1.9386,1.0839,1.2514,1450143018,350.5446
1.4032,1.0481,159.7980,-14.1643,0.1111,71102612,0.0100,1.0000,1.5591,1.1645,1.1705,1419946218,532.6506
2.0052,1.0865,25.6383,3.1587,0.0915,4852587,0.0500,0.9000,2.1887,1.1859,1.3896,1387326505.5,433.1044
1.8356,1.1174,156.6204,-41.0136,0.1320,41644866,0.0300,0.7000,2.0780,1.2649,1.4028,1464179305.5,641.4665
1.8034,1.0083,327.9554,-48.3327,0.0947,21355608,0.0400,1.0000,1.9743,1.1039,1.2745,1408308205.5,449.2433
1.5700,1.0158,53.2363,-36.5708,0.1652,58396136,0.0200,0.2000,1.8294,1.1836,1.2750,1445142618,819.1572
1.7719,1.1935,312.7670,-53.7932,0.1148,5859509,0.0200,0.0000,1.9753,1.3306,1.4059,1445650218,551.6597
1.8117,1.2231,105.0152,-42.6340,0.1357,78000914,0.0200,1.0000,2.0575,1.3891,1.4661,1386617755.5,660.6547
1.8702,1.1388,83.5633,-28.8500,0.0373,8568859,0.0300,0.4000,1.9399,1.1812,1.3098,1418805130.5,169.7212
1.8356,1.1174,54.4861,-25.9854,0.2094,80117105,0.0300,0.3000,2.2200,1.3514,1.4987,1422255055.5,1065.6675
1.9094,1.0195,315.1893,-44.5457,0.2369,25010642,0.0500,1.0000,2.3618,1.2610,1.4879,1468180030.5,1224.4638
1.7150,1.1300,355.1706,-35.7286,0.1742,77160952,0.0200,0.0000,2.0138,1.3269,1.4169,1441777743,868.5692
2.0052,1.0865,208.6180,-12.8659,0.1436,81495344,0.0500,0.6000,2.2931,1.2425,1.4559,1460623068,702.6077
1.8356,1.1174,136.2325,-4.3544,0.0924,49776886,0.0300,0.9000,2.0051,1.2206,1.3536,1418827068,437.1978
1.7331,1.0324,150.4693,-17.3145,0.1957,84712941,0.0300,1.0000,2.0723,1.2344,1.3832,1425387393,988.1908
2.0052,1.0865,117.6073,-6.5731,0.0717,80406367,0.0500,0.5000,2.1489,1.1643,1.3643,1422504468,334.5064
1.9474,1.1985,185.8569,-36.5668,0.2220,36155346,0.0300,0.5000,2.3797,1.4646,1.6158,1463296743,1137.7415
1.9538,1.3036,41.7239,-9.7662,0.2094,69021686,0.0200,0.9000,2.3629,1.5766,1.6734,1385814505.5,1065.5562
1.9938,1.0736,42.1209,-31.3864,0.2102,13636388,0.0500,0.7000,2.4129,1.2993,1.5269,1447500393,1070.0893
1.8862,1.2574,186.3458,-45.0412,0.1379,31624396,0.0200,1.0000,2.1464,1.4308,1.5194,1395907105.5,672.6548
1.8034,1.0083,60.6058,-17.3097,0.1683,41506318,0.0400,0.6000,2.1070,1.1781,1.3602,1442397393,836.3122
1.7331,1.0324,40.6712,-42.0125,0.0469,78362348,0.0300,0.5000,1.8144,1.0808,1.2110,1446616143,215.0396
1.9351,1.1061,102.2641,-49.5286,0.1776,83076917,0.0400,0.4000,2.2789,1.3025,1.4883,1386761868,887.4087
1.8034,1.0083,329.9153,-31.9831,0.0683,40902424,0.0400,0.9000,1.9266,1.0772,1.2437,1413323455.5,318.0239
2.0052,1.0865,233.4587,-22.8369,0.1229,49525968,0.0500,1.0000,2.2517,1.2200,1.4296,1434659193,593.7104
2.0329,1.0979,155.2429,-23.4528,0.1992,84551332,0.0500,1.0000,2.4379,1.3167,1.5452,1462333855.5,1007.9794
2.0085,1.0854,338.6862,-9.2571,0.1321,3271046,0.0500,0.6000,2.2738,1.2287,1.4416,1414332243,641.5418
1.7140,1.0161,117.8176,2.1524,0.0229,48331987,0.0300,0.7000,1.7533,1.0394,1.1673,1421376880.5,103.3106
1.8356,1.1174,299.5924,-16.2992,0.1513,42756778,0.0300,0.3000,2.1133,1.2864,1.4266,1460902180.5,743.7897
1.9094,1.0195,203.6880,-51.9268,0.1277,78574911,0.0500,0.7000,2.1533,1.1497,1.3565,1392559780.5,618.9045
2.0052,1.0865,336.6149,-43.5480,0.2646,35999982,0.0500,0.8000,2.5357,1.3739,1.6099,1437811780.5,1387.6256
1.8626,1.0561,202.6389,-42.6353,0.2075,58322341,0.0400,0.8000,2.2492,1.2753,1.4627,1431643630.5,1054.9440
2.0329,1.0979,332.9701,-36.6516,0.0762,42678339,0.0500,0.7000,2.1878,1.1816,1.3867,1415800368,356.8796
1.8862,1.2574,314.8328,-58.2212,0.0758,15935860,0.0200,1.0000,2.0292,1.3527,1.4364,1410829330.5,354.7252
1.9094,1.0195,315.4954,-33.9020,0.0430,88714418,0.0500,0.4000,1.9914,1.0633,1.2545,1406968668,196.5134
1.4301,1.1079,82.5933,-41.0246,0.1187,36708208,0.0100,0.5000,1.5998,1.2394,1.2239,1414261368,571.5798
1.7150,1.1300,262.3546,-61.7187,0.0599,62429569,0.0200,0.2000,1.8178,1.1978,1.2790,1430847468,277.5027
2.0052,1.0865,99.4627,-61.4485,0.0236,38180080,0.0500,1.0000,2.0525,1.1121,1.3031,1453778905.5,106.3454
1.6519,1.0879,168.2957,-12.5056,0.1234,44199094,0.0200,0.3000,1.8556,1.2221,1.3053,1426594630.5,596.0016
1.9094,1.0195,244.3391,-8.0380,0.0347,83356712,0.0500,0.5000,1.9756,1.0548,1.2446,1394962443,157.6452
2.0052,1.0865,143.6222,-24.5150,0.1210,73633413,0.0500,0.7000,2.2478,1.2179,1.4272,1396796755.5,583.6962
2.0271,1.3729,340.5686,-14.5050,0.0401,55822131,0.0200,0.9000,2.1083,1.4280,1.5048,1442311330.5,183.0454
1.8626,1.0561,156.4341,-43.9353,0.1120,26744392,0.0400,0.5000,2.0712,1.1744,1.3470,1451979355.5,537.0231
1.6519,1.0879,72.7781,-23.1471,0.1208,74718233,0.0200,0.3000,1.8513,1.2193,1.3023,1474566880.5,582.3961
1.7150,1.1300,198.9944,0.4450,0.2142,85478485,0.0200,1.0000,2.0824,1.3721,1.4652,1404398268,1092.9100
1.8034,1.0083,82.4940,-47.1017,0.1233,14293243,0.0400,0.8000,2.0258,1.1326,1.3077,1388113893,595.6068
2.0052,1.0865,38.1677,-9.8238,0.0884,21793171,0.0500,0.5000,2.1825,1.1825,1.3857,1479848418,417.4548
1.8767,1.4329,218.3601,-37.6202,0.0433,54136210,0.0100,0.9000,1.9580,1.4949,1.4867,1434415855.5,198.0664
1.7331,1.0324,190.9465,-39.7687,0.0976,71405405,0.0300,0.8000,1.9022,1.1331,1.2696,1459423593,463.5405
1.9351,1.1061,20.7782,-29.8336,0.1715,45391740,0.0400,0.9000,2.2670,1.2957,1.4805,1385187093,853.5654
2.0052,1.0865,227.2027,-11.8695,0.0292,74686096,0.0500,0.9000,2.0638,1.1182,1.3103,1402751605.5,132.3715
1.8626,1.0561,198.6740,-10.6771,0.0742,77595131,0.0400,0.2000,2.0008,1.1345,1.3012,1430276418,346.9658
1.9474,1.1985,323.4312,-1.8231,0.0794,34599133,0.0300,1.0000,2.1021,1.2937,1.4272,1408469530.5,372.6330
2.0052,1.0865,83.6373,-60.8642,0.1363,53760764,0.0500,0.3000,2.2785,1.2346,1.4466,1422668830.5,663.8538
1.8626,1.0561,334.2043,-57.8275,0.2061,9318524,0.0400,1.0000,2.2466,1.2738,1.4610,1439552943,1047.0900
1.9538,1.3036,70.1238,-14.4638,0.0645,85935460,0.0200,0.7000,2.0798,1.3876,1.4729,1475969868,299.3960
1.8073,1.0071,336.3217,-40.3913,0.1949,8300479,0.0400,0.6000,2.1596,1.2034,1.3917,1467990018,983.7346
2.0329,1.0979,43.7156,-16.2281,0.1142,57805835,0.0500,0.0000,2.2650,1.2233,1.4356,1439703130.5,548.4478
1.9094,1.0195,164.5314,-39.8613,0.1129,84337317,0.0500,1.0000,2.1249,1.1345,1.3387,1451011068,541.6890
1.7150,1.1300,99.1425,-29.2052,0.0459,15667700,0.0200,0.8000,1.7937,1.1819,1.2620,1388061580.5,210.1812
1.3763,1.0198,100.0981,-32.0745,0.0411,60949022,0.0100,1.0000,1.4328,1.0617,1.0713,1458356080.5,187.5267
1.8349,1.2272,108.2298,-61.0244,0.0444,16023124,0.0200,0.7000,1.9163,1.2816,1.3588,1428181218,203.2443
2.0052,1.0865,47.5088,1.7043,0.0407,73050592,0.0500,0.8000,2.0869,1.1307,1.3250,1441563768,186.0732
1.7150,1.1300,154.8523,-30.7554,0.1725,22628547,0.0200,0.3000,2.0108,1.3250,1.4148,1421939155.5,858.9781
2.0052,1.0865,298.9759,-42.7595,0.0319,88225022,0.0500,0.2000,2.0691,1.1211,1.3137,1437939018,144.5446
1.8626,1.0561,57.1169,-20.9781,0.1105,37083468,0.0400,0.5000,2.0685,1.1728,1.3452,1386245830.5,529.4481
1.9538,1.3036,331.1306,-9.8795,0.1108,12919151,0.0200,0.9000,2.1703,1.4480,1.5370,1401153543,530.8309
1.6895,1.1054,53.0344,-13.0571,0.0985,76785112,0.0200,0.7000,1.8560,1.2143,1.3011,1389237093,468.3110
2.0052,1.0865,308.6832,-29.6120,0.0794,24000693,0.0500,0.7000,2.1644,1.1728,1.3742,1474445380.5,372.6954
2.0329,1.0979,3.7932,2.3345,0.0541,69317063,0.0500,0.7000,2.1429,1.1573,1.3582,1404364855.5,249.5936
1.9022,1.0705,179.8271,-2.0809,0.1520,61195329,0.0400,0.8000,2.1913,1.2332,1.4195,1426664493,747.5854
1.9922,1.0749,90.8309,-53.8558,0.1523,40012032,0.0500,0.8000,2.2956,1.2385,1.4542,1452823105.5,749.2118
1.5592,1.0061,303.8600,-34.5521,0.1260,80767675,0.0200,0.9000,1.7557,1.1329,1.2219,1434688218,609.9746
1.9351,1.1061,96.2738,-41.4602,0.2227,59310165,0.0400,1.0000,2.3660,1.3523,1.5452,1424763018,1141.6484
1.8834,1.4640,61.3819,-39.0138,0.1776,65627701,0.0100,0.9000,2.2178,1.7240,1.6996,1416857755.5,887.2093
1.8421,1.4228,308.4321,-9.7456,0.0714,33226167,0.0100,0.5000,1.9736,1.5244,1.5075,1463724018,333.1193
2.0052,1.0865,343.6790,-18.8754,0.0876,75169710,0.0500,0.3000,2.1809,1.1817,1.3847,1445295168,413.6218
1.9474,1.1985,20.0359,-12.9266,0.1122,6714783,0.0300,1.0000,2.1660,1.3330,1.4706,1469081830.5,538.2806
1.9171,1.1686,150.8611,-31.1900,0.2250,21790247,0.0300,0.5000,2.3486,1.4316,1.5866,1455817068,1155.3364
1.9637,1.2071,353.1206,-14.7851,0.1115,2201049,0.0300,0.7000,2.1827,1.3417,1.4811,1410148255.5,534.7619
1.9474,1.1985,231.6571,-2.3327,0.0611,2909612,0.0300,0.4000,2.0664,1.2718,1.4030,1438488468,283.1796
1.9296,1.1801,323.5430,-39.4186,0.1026,75599263,0.0300,1.0000,2.1275,1.3012,1.4398,1407539043,488.8293
1.8073,1.0071,358.4722,-46.7592,0.0853,12298474,0.0400,0.0000,1.9614,1.0930,1.2639,1437350755.5,401.7044
1.9351,1.1061,58.4948,-28.7016,0.1060,45506906,0.0400,0.6000,2.1403,1.2233,1.3978,1422283068,506.4658
1.8942,1.0751,218.1367,-2.0689,0.1111,81482072,0.0400,0.0000,2.1048,1.1946,1.3695,1392650230.5,532.6858
2.0052,1.0865,120.8433,-16.2385,0.0735,62721418,0.0500,0.2000,2.1525,1.1663,1.3667,1457003043,343.4483
2.0271,1.3729,99.7431,-35.7229,0.1502,23901082,0.0200,0.9000,2.3315,1.5791,1.6641,1417247568,737.8520
2.0329,1.0979,99.9202,-4.7276,0.1258,41246501,0.0500,0.8000,2.2886,1.2360,1.4506,1449517968,608.6865
1.9351,1.1061,58.8768,-9.9902,0.1093,46427945,0.0400,0.7000,2.1466,1.2269,1.4020,1408235980.5,523.2569
1.9171,1.1686,203.8171,-25.5516,0.0587,48676659,0.0300,0.5000,2.0297,1.2372,1.3712,1392242530.5,271.6399
1.8942,1.0751,89.1315,-44.4624,0.2321,61920542,0.0400,0.8000,2.3340,1.3247,1.5187,1394709655.5,1196.4941
2.0052,1.0865,144.2714,-37.5913,0.0897,36223120,0.0500,0.8000,2.1851,1.1840,1.3874,1419290118,424.0765
2.0329,1.0979,324.8371,-26.7971,0.1537,31433726,0.0500,0.4000,2.3454,1.2667,1.4866,1445673843,757.0547
2.0052,1.0865,42.6927,-5.3465,0.0350,26309648,0.0500,1.0000,2.0753,1.1245,1.3176,1411569130.5,159.0982
2.0329,1.0979,74.6152,-37.3557,0.0455,52969832,0.0500,0.5000,2.1254,1.1479,1.3471,1451608105.5,208.5088
1.7914,1.2016,301.4616,-5.2027,0.0552,36350472,0.0200,0.5000,1.8903,1.2680,1.3425,1469718018,254.9087
2.0085,1.0854,65.1460,-20.1851,0.1418,10878856,0.0500,0.8000,2.2932,1.2393,1.4540,1411384180.5,692.8852
1.7255,1.1433,126.3030,1.9946,0.0306,19341854,0.0200,0.8000,1.7782,1.1783,1.2548,1460887330.5,138.5538
1.9351,1.1061,109.8360,-46.5765,0.0554,32332218,0.0400,0.4000,2.0423,1.1673,1.3338,1391771718,255.5587
1.8942,1.0751,336.3685,-56.1109,0.0448,29055775,0.0400,0.9000,1.9792,1.1233,1.2878,1410502293,205.3896
1.6554,1.2612,329.5884,-28.7453,0.1151,61637778,0.0100,0.7000,1.8460,1.4064,1.4001,1465985605.5,553.2210
1.9637,1.2071,184.4182,-31.4681,0.1182,186132,0.0300,0.8000,2.1957,1.3497,1.4899,1431581868,568.9519
1.9474,1.1985,69.0117,-19.5293,0.1051,62348571,0.0300,0.6000,2.1522,1.3245,1.4612,1412696380.5,501.9201
1.5700,1.0158,27.9996,-28.6862,0.1633,3537314,0.0200,0.8000,1.8264,1.1816,1.2729,1474099105.5,808.6212
2.0052,1.0865,341.4282,-37.6903,0.1056,51316232,0.0500,1.0000,2.2169,1.2012,1.4076,1406867080.5,504.3739
1.9474,1.1985,357.8623,-32.7227,0.2044,58497002,0.0300,1.0000,2.3455,1.4435,1.5925,1437749343,1037.2187
2.0329,1.0979,297.7547,1.0464,0.0546,63593579,0.0500,0.3000,2.1439,1.1579,1.3589,1404526855.5,252.0082
1.7914,1.2016,350.3242,-25.2711,0.1014,63283272,0.0200,0.6000,1.9730,1.3235,1.4012,1447938130.5,482.8164
2.0052,1.0865,322.3956,-54.2371,0.1925,75189840,0.0500,0.2000,2.3913,1.2957,1.5182,1406794180.5,970.3224
2.0271,1.3729,93.9858,-47.6077,0.0850,27301397,0.0200,0.9000,2.1993,1.4896,1.5698,1450981705.5,400.3583
1.8626,1.0561,5.9274,-34.6564,0.0391,42669807,0.0400,0.1000,1.9355,1.0974,1.2587,1443707230.5,178.5090
1.8073,1.0071,7.5016,-7.8925,0.1215,74014953,0.0400,0.1000,2.0269,1.1295,1.3061,1476218943,586.2704
2.0329,1.0979,179.3264,-48.1008,0.1057,61806135,0.0500,0.8000,2.2478,1.2140,1.4247,1432908580.5,505.0297
2.0052,1.0865,124.9630,-15.8306,0.1862,42522723,0.0500,0.8000,2.3785,1.2888,1.5101,1450805868,934.7560
1.9474,1.1985,86.1864,0.1460,0.1090,76735607,0.0300,0.9000,2.1596,1.3291,1.4663,1392922930.5,521.6016
2.0329,1.0979,283.3456,-57.9224,0.1300,2336124,0.0500,0.0000,2.2972,1.2407,1.4560,1432359130.5,630.9041
1.5548,1.1811,81.7673,-52.3149,0.0572,67337994,0.0100,0.8000,1.6437,1.2487,1.2449,1388982955.5,264.4627
1.9022,1.0705,347.1013,-32.4762,0.1097,75987351,0.0400,0.4000,2.1108,1.1879,1.3673,1433078680.5,525.1728
1.8942,1.0751,353.5033,-4.6790,0.1648,66110451,0.0400,0.8000,2.2064,1.2523,1.4357,1412356180.5,816.9385
1.6724,1.1004,292.4152,-18.2422,0.0614,17912525,0.0200,0.1000,1.7751,1.1680,1.2480,1440002155.5,284.5301
1.5700,1.0203,183.9949,-0.4948,0.0754,74824059,0.0200,0.9000,1.6884,1.0972,1.1794,1391910430.5,352.8348
2.0052,1.0865,37.2005,-57.1527,0.1223,60642964,0.0500,0.6000,2.2503,1.2193,1.4288,1385608630.5,590.2807
2.0329,1.0979,229.2423,2.3696,0.1182,53057618,0.0500,0.7000,2.2731,1.2276,1.4407,1395869643,568.9086
2.0052,1.0865,326.3381,-54.0407,0.0341,57567723,0.0500,0.8000,2.0735,1.1235,1.3165,1469902293,154.8879
1.8626,1.0561,356.0201,-4.5807,0.1283,17601330,0.0400,0.8000,2.1016,1.1916,1.3668,1449281043,621.8754
1.9474,1.1985,220.9907,2.9990,0.1302,21725436,0.0300,1.0000,2.2009,1.3545,1.4944,1457498493,631.6657
2.0329,1.0979,84.3830,-32.7760,0.1252,76501525,0.0500,1.0000,2.2875,1.2354,1.4498,1394830480.5,605.7366
1.9022,1.0705,167.8057,-2.3138,0.0955,15316009,0.0400,0.9000,2.0839,1.1728,1.3499,1422316480.5,453.0372
1.6724,1.1004,187.5403,-44.7978,0.0596,73222748,0.0200,0.1000,1.7721,1.1660,1.2459,1396027593,275.8325
1.8884,1.0670,32.1998,-44.2624,0.1651,86214017,0.0400,0.9000,2.2003,1.2432,1.4283,1452857193,818.8339
2.0271,1.3729,47.9352,-55.9534,0.1632,72590404,0.0200,0.5000,2.3580,1.5971,1.6830,1411105068,808.4672
2.0329,1.0979,276.6490,-45.0951,0.0880,70713300,0.0500,0.3000,2.2117,1.1945,1.4019,1399373230.5,415.3232
1.7914,1.2016,343.0054,-16.6002,0.1315,1406175,0.0200,1.0000,2.0269,1.3596,1.4395,1469785518,638.4530
2.0052,1.0865,328.3374,-54.7707,0.0393,67717853,0.0500,0.7000,2.0840,1.1292,1.3232,1478163618,179.4406
1.8626,1.0561,325.1492,-30.2942,0.2555,35286360,0.0400,0.3000,2.3386,1.3260,1.5208,1408620730.5,1333.7726
1.9538,1.3036,0.4154,2.3938,0.0589,66094048,0.0200,0.9000,2.0689,1.3803,1.4652,1404584568,272.4215
2.0329,1.0979,211.0501,-3.4136,0.1014,29035650,0.0500,0.2000,2.2390,1.2093,1.4191,1466939380.5,482.9947
2.0085,1.0854,313.6848,-17.3038,0.0879,1001992,0.0500,0.9000,2.1850,1.1808,1.3854,1472853055.5,414.7955
1.6724,1.1004,167.7636,-28.8675,0.1224,76876863,0.0200,1.0000,1.8770,1.2350,1.3197,1395571630.5,590.7582
1.8884,1.0670,181.3245,-36.5113,0.1162,34728464,0.0400,0.2000,2.1078,1.1910,1.3683,1418838880.5,558.7142
2.0271,1.3729,222.2280,-9.5063,0.0409,58139511,0.0200,0.9000,2.1100,1.4291,1.5060,1461887343,186.8133
2.0329,1.0979,136.4384,-16.6518,0.1273,19353608,0.0500,0.8000,2.2917,1.2377,1.4525,1415812518,616.7033
2.0085,1.0854,178.3484,2.0164,0.0537,4202660,0.0500,1.0000,2.1164,1.1437,1.3419,1459548130.5,247.6907
2.0052,1.0865,192.8757,-16.9582,0.1809,73006473,0.0500,0.5000,2.3680,1.2831,1.5035,1455491718,905.7254
2.0329,1.0979,4.5220,-6.2279,0.1089,55964291,0.0500,0.7000,2.2542,1.2174,1.4287,1413708205.5,520.9862
1.9022,1.0705,11.0353,-14.2011,0.1799,78682617,0.0400,0.6000,2.2444,1.2631,1.4539,1447342105.5,899.9957
1.9922,1.0749,4.6084,-48.5705,0.0565,45159429,0.0500,0.2000,2.1047,1.1355,1.3333,1415916805.5,260.8050
2.0331,1.1619,167.7483,-17.9781,0.0425,21635724,0.0400,0.1000,2.1196,1.2113,1.3842,1455984805.5,194.5491
2.0052,1.0865,23.5813,-2.3511,0.1593,87703716,0.0500,0.4000,2.3247,1.2596,1.4760,1470147318,787.2382
1.8626,1.0561,206.3654,-38.2864,0.1659,3710864,0.0400,0.9000,2.1716,1.2313,1.4123,1431502555.5,823.0140
2.0329,1.0979,298.0648,-14.9752,0.1381,40021455,0.0500,0.7000,2.3137,1.2496,1.4665,1469809143,673.5834
2.0085,1.0854,138.9596,-57.4466,0.0944,35749081,0.0500,0.4000,2.1981,1.1879,1.3936,1450512580.5,447.4159
1.7255,1.1433,16.1486,-10.5059,0.0387,7968244,0.0200,0.4000,1.7922,1.1876,1.2647,1418646505.5,176.4536
2.0329,1.0979,46.8702,-13.8175,0.1955,62956902,0.0500,0.8000,2.4303,1.3126,1.5404,1478645230.5,986.8987
1.9022,1.0705,112.0272,-9.1032,0.0828,5004343,0.0400,0.0000,2.0596,1.1591,1.3342,1420545955.5,389.3288
1.8236,1.2312,57.3537,-24.2636,0.1142,71392064,0.0200,0.6000,2.0319,1.3719,1.4479,1444492255.5,548.7125
1.9869,1.1326,173.5199,-7.0147,0.0929,28783278,0.0400,0.0000,2.1716,1.2379,1.4162,1393237480.5,440.0868
1.6967,1.3096,193.0292,-31.8591,0.0945,29861775,0.0100,0.2000,1.8570,1.4333,1.4179,1455506568,447.7608
1.9474,1.1985,54.5452,-51.6672,0.1146,59222513,0.0300,0.6000,2.1706,1.3358,1.4737,1419917868,550.4417
2.0329,1.0979,350.5443,-56.7808,0.1044,32814332,0.0500,0.7000,2.2452,1.2126,1.4230,1472865880.5,498.3961
1.7914,1.2016,48.0994,-16.1987,0.0847,12020763,0.0200,0.9000,1.9430,1.3034,1.3799,1478353968,398.6815
1.5815,1.0361,140.1358,-15.4724,0.0565,80321241,0.0200,0.4000,1.6708,1.0946,1.1721,1423712718,260.8715
1.9022,1.0705,57.6835,-11.5362,0.2599,6130039,0.0400,0.4000,2.3966,1.3488,1.5525,1411629205.5,1360.0017
1.8626,1.0561,100.5721,-26.7196,0.0615,83729306,0.0400,0.1000,1.9771,1.1210,1.2858,1450185205.5,284.8506
1.9538,1.3036,135.1985,-20.3706,0.1190,79210236,0.0200,0.0000,2.1864,1.4588,1.5484,1461196818,573.4419
1.8073,1.0071,166.0540,-26.8392,0.1143,86193136,0.0400,0.2000,2.0139,1.1222,1.2978,1398532180.5,549.0385
1.9022,1.0705,236.1032,1.7839,0.0921,66790331,0.0400,0.6000,2.0774,1.1691,1.3457,1424444418,436.0319
1.8810,1.1496,301.2257,-45.5219,0.1469,64539077,0.0300,1.0000,2.1574,1.3185,1.4594,1399741443,720.4750
2.0271,1.3729,21.3023,-10.3290,0.0373,2344355,0.0200,0.8000,2.1027,1.4242,1.5008,1447377205.5,170.0655
2.0329,1.0979,100.6889,-55.4660,0.1648,63081558,0.0500,0.4000,2.3680,1.2789,1.5009,1389718030.5,817.2258
2.0085,1.0854,216.0542,-47.2206,0.0701,48614409,0.0500,0.6000,2.1492,1.1615,1.3627,1427139018,326.6881
1.7140,1.0161,51.0430,-23.9605,0.0779,17401274,0.0300,0.3000,1.8476,1.0953,1.2301,1476474768,365.3722
1.9374,1.0366,7.2000,-28.0464,0.0968,88366214,0.0500,1.0000,2.1249,1.1369,1.3401,1476462618,459.4565
2.0329,1.0979,75.4331,-44.5973,0.1376,36451204,0.0500,1.0000,2.3125,1.2490,1.4657,1387513143,670.6208
2.0085,1.0854,17.0012,-31.8122,0.1782,25144623,0.0500,0.7000,2.3664,1.2788,1.5003,1439708868,890.3882
1.7255,1.1433,144.4254,-9.7218,0.1260,4590938,0.0200,0.8000,1.9429,1.2874,1.3711,1431065155.5,609.9249
1.9022,1.0705,259.5752,1.4437,0.2318,72808281,0.0400,0.8000,2.3431,1.3187,1.5178,1434648730.5,1194.4246
1.5581,1.2025,218.6708,-32.7143,0.1673,32727986,0.0100,0.2000,1.8188,1.4036,1.3886,1432169793,830.5873
2.0329,1.0979,296.5486,-59.4899,0.0447,38180377,0.0500,0.3000,2.1237,1.1470,1.3461,1473558430.5,204.7085
1.9022,1.0705,320.7355,-16.4938,0.0745,64431006,0.0400,0.5000,2.0439,1.1503,1.3240,1410853293,348.5037
1.5581,1.2025,355.4300,-23.9796,0.1471,19442293,0.0100,0.9000,1.7874,1.3794,1.3646,1409468193,721.5462
1.8236,1.2312,130.8164,-12.7306,0.2093,16285057,0.0200,0.6000,2.2052,1.4889,1.5714,1389808480.5,1064.7892
1.9922,1.0749,340.3619,-26.0137,0.0798,9974696,0.0500,0.5000,2.1512,1.1606,1.3627,1407586968,374.5507
1.8767,1.4329,320.5458,-48.2956,0.1957,27849724,0.0100,0.0000,2.2440,1.7133,1.7039,1432660518,988.1272
1.9474,1.1985,351.5243,-34.8662,0.1300,68545813,0.0300,0.7000,2.2006,1.3543,1.4942,1448876043,630.8222
1.8073,1.0071,64.5426,-32.4281,0.0693,9760531,0.0400,1.0000,1.9325,1.0769,1.2453,1445330943,322.8790
1.9022,1.0705,353.8407,-29.8248,0.0703,29379529,0.0400,0.6000,2.0359,1.1458,1.3188,1478907130.5,327.8948
1.9922,1.0749,171.0772,-50.7633,0.0684,74368244,0.0500,1.0000,2.1285,1.1484,1.3484,1457811693,318.6218
1.8626,1.0561,191.5788,-29.6274,0.1347,86609617,0.0400,0.3000,2.1136,1.1984,1.3745,1459825893,655.6822
1.8073,1.0071,135.5087,-18.4935,0.0610,54145345,0.0400,0.1000,1.9176,1.0686,1.2357,1395956043,282.8069
1.9022,1.0705,282.1030,-43.0872,0.0639,6315946,0.0400,1.0000,2.0237,1.1389,1.3109,1442160468,296.4594
1.9922,1.0749,321.1010,-48.4476,0.0674,87511126,0.0500,0.9000,2.1266,1.1474,1.3471,1412218480.5,313.9304
2.0331,1.1619,122.1662,-13.2869,0.1519,48290916,0.0400,0.4000,2.3418,1.3383,1.5293,1450385343,746.9501
2.0329,1.0979,321.1349,-24.4750,0.1430,63879787,0.0500,1.0000,2.3235,1.2549,1.4727,1444659993,699.2393
1.8534,1.1180,271.5347,-60.1961,0.1318,24991190,0.0300,0.5000,2.0977,1.2654,1.4094,1410150280.5,640.0662
2.0227,1.2522,18.1966,-27.9579,0.1885,50721870,0.0300,0.9000,2.4040,1.4882,1.6373,1412335930.5,947.7576
1.9022,1.0705,52.8023,-60.9972,0.1019,13593510,0.0400,0.3000,2.0960,1.1796,1.3577,1480182205.5,485.3501
1.9922,1.0749,310.7105,-17.1963,0.1042,53893867,0.0500,0.7000,2.1999,1.1869,1.3936,1444799718,497.3232
2.0329,1.0979,305.2792,-23.8988,0.0703,38369890,0.0500,0.0000,2.1758,1.1751,1.3791,1461106368,327.8912
1.8534,1.1180,56.0192,-44.9931,0.0504,65921909,0.0300,0.2000,1.9468,1.1744,1.3080,1420243218,231.7489
2.0227,1.2522,79.0053,-35.8789,0.0987,68301180,0.0300,1.0000,2.2223,1.3757,1.5135,1456030368,469.1888
1.9022,1.0705,201.7265,-42.4864,0.0635,27948582,0.0400,0.0000,2.0230,1.1385,1.3104,1466726418,294.6886
1.9922,1.0749,203.9621,-49.2985,0.1559,37704877,0.0500,1.0000,2.3029,1.2425,1.4588,1424773480.5,768.9293
2.0329,1.0979,38.3629,-28.8435,0.1393,37790136,0.0500,0.7000,2.3161,1.2509,1.4680,1475069755.5,680.0418
1.9022,1.0705,340.5741,-38.5263,0.1853,19973735,0.0400,0.3000,2.2546,1.2689,1.4605,1407898143,929.7309
1.9869,1.1326,26.4924,-2.1532,0.0996,59878875,0.0400,1.0000,2.1848,1.2454,1.4248,1441931980.5,473.5937
1.9410,1.1832,295.0302,-43.3603,0.0588,39980861,0.0300,0.5000,2.0552,1.2528,1.3884,1469806443,272.2506
1.9416,1.3114,111.7465,-10.1351,0.1016,82857564,0.0200,0.7000,2.1389,1.4447,1.5244,1388928280.5,484.1236
1.9538,1.3036,87.1866,-37.7677,0.1140,3968580,0.0200,0.5000,2.1767,1.4523,1.5415,1420096743,547.6865
1.8073,1.0071,302.3137,-41.5060,0.1810,114086,0.0400,0.4000,2.1344,1.1894,1.3754,1410895480.5,906.0941
1.8474,1.1209,299.3989,-0.2537,0.0753,58275035,0.0300,0.9000,1.9866,1.2054,1.3388,1395648243,352.6001
1.9022,1.0705,8.6823,-11.9482,0.1260,46839473,0.0400,0.3000,2.1418,1.2054,1.3874,1444569205.5,609.5974
1.9922,1.0749,11.6402,-32.6006,0.1823,75461409,0.0500,0.9000,2.3555,1.2708,1.4921,1474004268,913.4330
2.0329,1.0979,322.4272,-12.9382,0.2159,50267459,0.0500,0.8000,2.4718,1.3350,1.5667,1411040605.5,1102.9254
1.9022,1.0705,303.6980,-6.0582,0.1752,66222540,0.0400,0.8000,2.2354,1.2581,1.4480,1473449755.5,873.8353
1.9869,1.1326,293.6373,-27.8892,0.0635,73071041,0.0400,1.0000,2.1131,1.2046,1.3781,1404102280.5,294.7098
1.9922,1.0749,34.5647,-52.0784,0.1054,15331590,0.0500,1.0000,2.2022,1.1881,1.3950,1447387668,503.1797
2.0355,1.0959,20.1912,-0.8527,0.0420,83370927,0.0500,0.2000,2.1211,1.1419,1.3421,1405541718,192.1233
1.8626,1.0561,331.1309,-40.6098,0.0862,25548035,0.0400,0.8000,2.0231,1.1471,1.3157,1410113830.5,406.1664
2.0329,1.0979,33.9204,-22.9802,0.1186,57415707,0.0500,0.9000,2.2740,1.2282,1.4413,1448131180.5,571.3407
2.0085,1.0854,320.7826,-43.4936,0.0547,52578324,0.0500,0.5000,2.1183,1.1448,1.3431,1437518493,252.2546
1.9374,1.0366,129.5967,-17.0920,0.0819,47813,0.0500,0.7000,2.0962,1.1215,1.3220,1393353243,385.2041
2.0385,1.3742,17.9035,-11.1378,0.1103,4204592,0.0200,1.0000,2.2634,1.5257,1.6115,1411538755.5,528.3661
2.0329,1.0979,184.5831,-45.4027,0.0596,68844671,0.0500,0.2000,2.1539,1.1633,1.3652,1432817118,275.6493
1.5548,1.1811,163.6741,-19.5050,0.0211,49389831,0.0100,0.9000,1.5875,1.2060,1.2023,1452693843,94.7975
1.7914,1.2016,215.8537,-52.9327,0.0660,37883652,0.0200,0.5000,1.9096,1.2810,1.3562,1457965593,306.9632
1.9022,1.0705,184.6378,0.8430,0.0394,13581086,0.0400,1.0000,1.9772,1.1127,1.2808,1457608855.5,179.8073
1.9922,1.0749,305.0161,-1.3104,0.2374,43633857,0.0500,0.9000,2.4652,1.3300,1.5616,1432130980.5,1227.0843
1.9538,1.3036,160.8706,-28.1520,0.0900,50335562,0.0200,0.7000,2.1296,1.4209,1.5082,1426177818,425.1713
2.0329,1.0979,183.0238,-36.0473,0.3021,80640094,0.0500,1.0000,2.6470,1.4296,1.6777,1399485280.5,1615.3904
2.0085,1.0854,82.3355,-55.0293,0.0549,79307282,0.0500,0.2000,2.1188,1.1450,1.3434,1386405468,253.3037
1.9022,1.0705,213.9462,-14.0822,0.2185,57992886,0.0400,0.4000,2.3179,1.3045,1.5015,1394640805.5,1117.9138
1.9922,1.0749,33.9191,-46.2263,0.0947,29071802,0.0500,0.2000,2.1808,1.1766,1.3815,1469450718,448.8792
2.0329,1.0979,182.1562,-47.5316,0.1118,16995466,0.0500,1.0000,2.2601,1.2207,1.4325,1401301705.5,536.0947
1.9022,1.0705,29.4031,-34.7465,0.0435,76189524,0.0400,0.9000,1.9849,1.1171,1.2858,1408878580.5,199.0449
1.9869,1.1326,206.7294,-31.6612,0.0821,16106402,0.0400,0.1000,2.1502,1.2257,1.4023,1434650755.5,386.1925
1.8637,1.0477,176.8657,-21.1025,0.1638,19108377,0.0400,1.0000,2.1690,1.2194,1.4042,1421439993,811.7670
1.7544,1.0518,298.0858,-6.8305,0.0366,57058047,0.0300,0.5000,1.8186,1.0903,1.2179,1441624180.5,166.5661
2.0329,1.0979,234.8285,-16.4968,0.1596,34887669,0.0500,1.0000,2.3573,1.2731,1.4941,1431660843,788.6034
2.0085,1.0854,345.5065,-31.4488,0.0525,28008926,0.0500,0.5000,2.1140,1.1424,1.3403,1409698368,241.9686
1.7140,1.0161,267.6338,-61.7015,0.1574,3548886,0.0300,0.1000,1.9838,1.1760,1.3207,1434836380.5,776.6048
2.0363,1.2601,80.6907,-25.2238,0.1337,43912709,0.0300,0.8000,2.3084,1.4286,1.5719,1476456880.5,649.9427
1.9922,1.0749,183.9277,-18.8297,0.1389,45551905,0.0500,0.7000,2.2689,1.2241,1.4373,1388548255.5,677.6248
2.0329,1.0979,349.9843,-27.7159,0.1161,30432548,0.0500,0.6000,2.2688,1.2254,1.4380,1385619430.5,558.1206
1.7914,1.2016,75.7134,-31.2715,0.0558,37000389,0.0200,0.7000,1.8914,1.2688,1.3433,1479686418,257.8425
1.5815,1.0361,30.6714,-54.9903,0.1253,56346248,0.0200,0.9000,1.7796,1.1659,1.2484,1445209443,605.9346
2.0085,1.0854,168.7989,-47.7432,0.1830,19366988,0.0500,1.0000,2.3762,1.2841,1.5065,1456523793,917.3819
1.9022,1.0705,16.0662,-1.7973,0.0967,86071799,0.0400,0.7000,2.0862,1.1741,1.3514,1471231705.5,459.2309
1.6971,1.3189,137.7948,-11.1922,0.1896,57307888,0.0100,1.0000,2.0188,1.5689,1.5469,1419939130.5,953.8996
1.9365,1.3138,283.4739,-30.8282,0.0756,73695550,0.0200,0.3000,2.0829,1.4132,1.4880,1462671018,353.9311
1.9022,1.0705,53.0936,-53.0451,0.1343,36773661,0.0400,0.6000,2.1577,1.2143,1.3977,1411024405.5,653.5155
1.8236,1.2312,98.9328,-58.0904,0.1298,86058332,0.0200,0.6000,2.0604,1.3911,1.4682,1389576618,629.9072
1.9869,1.1326,208.4014,-20.6370,0.1180,60716911,0.0400,0.7000,2.2213,1.2662,1.4487,1428746193,567.9341
1.8534,1.1180,311.6286,-41.6957,0.0813,41157341,0.0300,0.2000,2.0042,1.2090,1.3466,1441141555.5,382.2626
2.0085,1.0854,158.5930,-35.5352,0.2213,37430120,0.0500,0.8000,2.4531,1.3256,1.5553,1427882868,1133.9397
1.7255,1.1433,69.8621,-3.9296,0.1780,71563181,0.0200,0.6000,2.0325,1.3468,1.4343,1478645568,889.2325
1.7140,1.0161,292.9796,-54.5452,0.1229,35792462,0.0300,0.6000,1.9247,1.1410,1.2814,1468163830.5,593.6007
2.0363,1.2601,61.6740,-5.2588,0.1657,39199795,0.0300,0.7000,2.3737,1.4690,1.6163,1479066093,821.9228
2.0085,1.0854,138.5285,-3.8925,0.1514,27649061,0.0500,0.7000,2.3126,1.2498,1.4663,1423633068,744.5299
1.5369,1.1536,92.1520,-33.9171,0.1010,1373866,0.0100,0.9000,1.6922,1.2701,1.2736,1451932443,480.9828
1.9374,1.0366,136.3562,3.3442,0.1030,18648521,0.0500,0.7000,2.1370,1.1434,1.3477,1455479230.5,491.1288
1.9922,1.0749,47.8948,-28.5671,0.2676,76142531,0.0500,0.9000,2.5254,1.3625,1.5997,1409471230.5,1405.7951
2.0331,1.1619,59.9181,-27.1269,0.1153,29935240,0.0400,0.5000,2.2674,1.2958,1.4807,1417366030.5,553.9231
2.0085,1.0854,159.8058,-36.6861,0.1735,18642750,0.0500,1.0000,2.3570,1.2737,1.4944,1457723943,864.6671
1.9374,1.0366,9.0890,-47.9739,0.1046,43816997,0.0500,0.0000,2.1401,1.1450,1.3497,1475724168,499.3684
1.9549,1.5113,82.0675,-52.5466,0.1369,71861783,0.0100,0.7000,2.2226,1.7182,1.6984,1447396105.5,667.3045
2.0363,1.2601,199.6709,-29.4736,0.0621,41642307,0.0300,0.1000,2.1627,1.3384,1.4727,1405192068,287.9741
1.8640,1.1436,214.4527,-30.6067,0.0934,21962648,0.0300,0.6000,2.0382,1.2505,1.3816,1436156005.5,442.5857
1.9022,1.0705,359.4794,-49.1319,0.0912,55018958,0.0400,0.6000,2.0757,1.1681,1.3446,1476337068,431.3620
1.9922,1.0749,305.8966,-45.4415,0.1585,51670197,0.0500,0.2000,2.3080,1.2452,1.4620,1430013505.5,782.6753
1.5487,1.1934,200.5709,-7.4679,0.0593,18834017,0.0100,0.9000,1.6406,1.2642,1.2516,1431236268,274.5826
1.8274,1.1129,77.9847,-43.8719,0.0927,38561644,0.0300,0.9000,1.9968,1.2161,1.3484,1479623980.5,439.1463
